shop,fulfillment,posting_number,status,created_at,order_number,products_count,total_price
Instax Shop,FBO,0112682342-0126-1,delivered,2026-08-01T00:51:04.955328Z,0112682342-0126,1,1097.0
Instax Shop,FBO,75921057-0526-1,delivered,2026-08-01T01:38:17.687715Z,75921057-0526,1,1097.0
Instax Shop,FBO,0105300833-0328-1,delivered,2026-08-01T01:49:19.039123Z,0105300833-0328,1,1047.0
Instax Shop,FBO,57198338-0012-1,delivered,2026-08-01T01:54:54.453076Z,57198338-0012,1,497.0
Instax Shop,FBO,91475565-0212-3,delivered,2026-08-01T02:52:32.235406Z,91475565-0212,1,1097.0
Instax Shop,FBO,58320359-0156-3,delivered,2026-08-01T03:13:23.322490Z,58320359-0156,1,1097.0
Instax Shop,FBO,98832309-0337-1,delivered,2026-08-01T03:57:02.724004Z,98832309-0337,1,497.0
Instax Shop,FBO,0148607436-0107-1,delivered,2026-08-01T03:57:28.571513Z,0148607436-0107,1,1097.0
Instax Shop,FBO,67466052-0323-1,delivered,2026-08-01T04:20:09.720889Z,67466052-0323,1,1097.0
Instax Shop,FBO,48606585-0716-1,delivered,2026-08-01T04:37:53.498206Z,48606585-0716,1,777.0
Instax Shop,FBO,48606585-0716-2,delivered,2026-08-01T04:37:53.498206Z,48606585-0716,1,1097.0
Instax Shop,FBO,0145926678-0213-1,delivered,2026-08-01T04:45:44.088728Z,0145926678-0213,1,1047.0
Instax Shop,FBO,0145839484-0215-1,delivered,2026-08-01T05:15:23.622612Z,0145839484-0215,1,1047.0
Instax Shop,FBO,24025538-0793-1,delivered,2026-08-01T05:39:34.866071Z,24025538-0793,1,1047.0
Instax Shop,FBO,92318008-0065-1,delivered,2026-08-01T06:02:09.382717Z,92318008-0065,1,1047.0
Instax Shop,FBO,30590679-0514-1,delivered,2026-08-01T06:35:07.694182Z,30590679-0514,1,1097.0
Instax Shop,FBO,29877644-0233-1,delivered,2026-08-01T07:27:47.100517Z,29877644-0233,1,1096.0
Instax Shop,FBO,99971238-0108-1,delivered,2026-08-01T07:42:00.237737Z,99971238-0108,1,1097.0
Instax Shop,FBO,62028157-0268-1,delivered,2026-08-01T07:47:04.081791Z,62028157-0268,1,1097.0
Instax Shop,FBO,08094772-0521-2,cancelled,2026-08-01T07:56:12.585265Z,08094772-0521,1,1097.0
Instax Shop,FBO,0106193127-0137-1,delivered,2026-08-01T08:00:00.694279Z,0106193127-0137,1,1097.0
Instax Shop,FBO,37064831-0349-2,delivered,2026-08-01T08:17:47.807500Z,37064831-0349,1,1097.0
Instax Shop,FBO,0105824388-0360-1,delivered,2026-08-01T08:21:29.739201Z,0105824388-0360,1,1047.0
Instax Shop,FBO,66488631-0216-1,delivered,2026-08-01T08:25:31.966366Z,66488631-0216,1,497.0
Instax Shop,FBO,76010196-0066-1,cancelled,2026-08-01T08:32:01.096122Z,76010196-0066,1,1097.0
Instax Shop,FBO,0136734556-0112-1,cancelled,2026-08-01T08:43:11.983739Z,0136734556-0112,1,1097.0
Instax Shop,FBO,0173031640-0056-1,delivered,2026-08-01T08:45:22.657702Z,0173031640-0056,1,1097.0
Instax Shop,FBO,42859769-0136-1,delivered,2026-08-01T08:54:29.394460Z,42859769-0136,1,1097.0
Instax Shop,FBO,70993319-0091-1,delivered,2026-08-01T08:55:54.916920Z,70993319-0091,1,947.0
Instax Shop,FBO,0192772520-0189-1,delivered,2026-08-01T08:56:58.440125Z,0192772520-0189,1,1097.0
Instax Shop,FBO,0117970160-0112-1,delivered,2026-08-01T09:07:39.232415Z,0117970160-0112,1,497.0
Instax Shop,FBO,0180537565-0061-1,delivered,2026-08-01T09:47:05.609095Z,0180537565-0061,1,1097.0
Instax Shop,FBO,48880148-0379-2,delivered,2026-08-01T10:13:40.817214Z,48880148-0379,1,1097.0
Instax Shop,FBO,32294838-0171-1,cancelled,2026-08-01T11:26:17.641742Z,32294838-0171,1,677.0
Instax Shop,FBO,0198151408-0008-1,delivered,2026-08-01T12:59:13.442483Z,0198151408-0008,1,1097.0
Instax Shop,FBO,0119705695-0430-2,delivered,2026-08-01T13:15:31.654403Z,0119705695-0430,1,1097.0
Instax Shop,FBO,0125932078-0163-1,delivered,2026-08-01T13:25:01.376272Z,0125932078-0163,1,1097.0
Instax Shop,FBO,79329889-0317-1,delivered,2026-08-01T13:36:46.299584Z,79329889-0317,1,1097.0
Instax Shop,FBO,41158572-0324-1,delivered,2026-08-01T14:01:56.702598Z,41158572-0324,1,1097.0
Instax Shop,FBO,03155095-0225-2,delivered,2026-08-01T14:42:11.692569Z,03155095-0225,1,1097.0
Instax Shop,FBO,70675372-0328-2,delivered,2026-08-01T14:54:49.902808Z,70675372-0328,1,1097.0
Instax Shop,FBO,45958530-0302-1,delivered,2026-08-01T15:08:00.926563Z,45958530-0302,1,1097.0
Instax Shop,FBO,0175309601-0014-1,delivered,2026-08-01T15:10:21.812206Z,0175309601-0014,1,1097.0
Instax Shop,FBO,36347217-0870-1,delivered,2026-08-01T15:27:23.706163Z,36347217-0870,1,977.0
Instax Shop,FBO,42673666-0283-3,delivered,2026-08-01T15:31:36.178922Z,42673666-0283,1,1097.0
Instax Shop,FBO,0140064812-0398-1,delivered,2026-08-01T15:47:48.891515Z,0140064812-0398,1,777.0
Instax Shop,FBO,49998351-0261-1,delivered,2026-08-01T16:01:12.873069Z,49998351-0261,1,1047.0
Instax Shop,FBO,0151468936-0216-4,cancelled,2026-08-01T16:09:48.245650Z,0151468936-0216,1,1097.0
Instax Shop,FBO,68468238-0356-1,cancelled,2026-08-01T16:22:33.199025Z,68468238-0356,1,1046.0
Instax Shop,FBO,37120840-0230-1,delivered,2026-08-01T16:24:26.076361Z,37120840-0230,1,1096.0
Instax Shop,FBO,34924971-0010-1,delivered,2026-08-01T16:44:59.985123Z,34924971-0010,1,977.0
Instax Shop,FBO,94384166-0129-1,delivered,2026-08-01T16:47:48.139030Z,94384166-0129,1,1047.0
Instax Shop,FBO,79418973-0459-2,delivered,2026-08-01T16:52:49.447552Z,79418973-0459,1,977.0
Instax Shop,FBO,0132378499-0045-1,delivered,2026-08-01T16:53:36.748451Z,0132378499-0045,1,1097.0
Instax Shop,FBO,29564330-0157-1,delivered,2026-08-01T17:16:00.794658Z,29564330-0157,1,1047.0
Instax Shop,FBO,31286408-0063-1,delivered,2026-08-01T17:21:36.815365Z,31286408-0063,1,1097.0
Instax Shop,FBO,04245597-0225-1,cancelled,2026-08-01T17:24:06.478142Z,04245597-0225,1,1097.0
Instax Shop,FBO,0109959906-0065-2,delivered,2026-08-01T17:58:34.565617Z,0109959906-0065,1,1097.0
Instax Shop,FBO,78865726-0065-1,delivered,2026-08-01T18:00:13.785763Z,78865726-0065,1,1097.0
Instax Shop,FBO,61101025-0048-3,delivered,2026-08-01T18:05:15.852172Z,61101025-0048,1,1097.0
Instax Shop,FBO,70278177-0661-1,cancelled,2026-08-01T18:13:15.514433Z,70278177-0661,1,777.0
Instax Shop,FBO,0123350912-0752-1,delivered,2026-08-01T18:27:54.982882Z,0123350912-0752,1,1097.0
Instax Shop,FBO,38553345-0059-1,delivered,2026-08-01T18:36:17.397192Z,38553345-0059,1,1097.0
Instax Shop,FBO,06933512-0221-1,delivered,2026-08-01T18:49:27.683204Z,06933512-0221,1,1097.0
Instax Shop,FBO,37708347-0031-1,delivered,2026-08-01T19:06:19.280137Z,37708347-0031,1,497.0
Instax Shop,FBO,55819806-0149-1,delivered,2026-08-01T19:22:04.096880Z,55819806-0149,1,1047.0
Instax Shop,FBO,39735202-0093-1,delivered,2026-08-01T19:23:43.872182Z,39735202-0093,1,1097.0
Instax Shop,FBO,0135210838-0125-1,delivered,2026-08-01T19:34:08.335174Z,0135210838-0125,1,1097.0
Instax Shop,FBO,0147569100-0037-1,cancelled,2026-08-01T19:46:36.738728Z,0147569100-0037,1,947.0
Instax Shop,FBO,68008379-0030-1,delivered,2026-08-01T20:07:00.095558Z,68008379-0030,1,1097.0
Instax Shop,FBO,46654170-0137-1,delivered,2026-08-01T20:46:16.467257Z,46654170-0137,1,1097.0
Instax Shop,FBO,86872782-0046-1,cancelled,2026-08-01T20:49:29.866582Z,86872782-0046,1,1097.0
Instax Shop,FBO,72768051-0125-1,delivered,2026-08-01T20:52:21.867474Z,72768051-0125,1,1097.0
Instax Shop,FBO,43792319-0110-1,delivered,2026-08-01T21:33:41.680682Z,43792319-0110,1,1097.0
Instax Shop,FBO,62888236-0034-1,cancelled,2026-08-01T21:36:44.352408Z,62888236-0034,1,947.0
Instax Shop,FBO,0125482784-0026-1,delivered,2026-08-01T22:52:21.904944Z,0125482784-0026,1,1097.0
Instax Shop,FBO,0126682458-0062-1,delivered,2026-08-02T00:24:22.156143Z,0126682458-0062,1,1097.0
Instax Shop,FBO,0141824591-0200-1,delivered,2026-08-02T01:16:55.989031Z,0141824591-0200,1,1097.0
Instax Shop,FBO,89319967-0109-1,delivered,2026-08-02T01:50:23.329104Z,89319967-0109,1,1097.0
Instax Shop,FBO,0197733291-0015-1,delivered,2026-08-02T03:52:21.419982Z,0197733291-0015,1,1047.0
Instax Shop,FBO,0159929618-0154-1,delivered,2026-08-02T04:05:33.806195Z,0159929618-0154,1,497.0
Instax Shop,FBO,48458431-0112-1,delivered,2026-08-02T04:37:52.577064Z,48458431-0112,1,977.0
Instax Shop,FBO,48458431-0112-2,delivered,2026-08-02T04:37:52.577064Z,48458431-0112,1,977.0
Instax Shop,FBO,74310969-0225-1,delivered,2026-08-02T04:44:06.635792Z,74310969-0225,1,1097.0
Instax Shop,FBO,80344592-0098-1,delivered,2026-08-02T04:59:24.834328Z,80344592-0098,1,777.0
Instax Shop,FBO,0134489623-0135-2,delivered,2026-08-02T05:00:08.911234Z,0134489623-0135,1,497.0
Instax Shop,FBO,40590408-0157-1,delivered,2026-08-02T05:13:06.754684Z,40590408-0157,1,497.0
Instax Shop,FBO,03258686-0382-2,delivered,2026-08-02T05:17:34.690405Z,03258686-0382,1,497.0
Instax Shop,FBO,0162855019-0163-1,delivered,2026-08-02T05:39:24.141187Z,0162855019-0163,1,1047.0
Instax Shop,FBO,30670790-0264-1,delivered,2026-08-02T06:48:16.732409Z,30670790-0264,1,1097.0
Instax Shop,FBO,81019453-0408-1,delivered,2026-08-02T07:02:11.941894Z,81019453-0408,1,1097.0
Instax Shop,FBO,50804649-0469-1,cancelled,2026-08-02T07:07:01.067135Z,50804649-0469,1,1097.0
Instax Shop,FBO,03817489-0427-1,delivered,2026-08-02T07:37:23.691931Z,03817489-0427,1,1097.0
Instax Shop,FBO,51903810-0162-1,delivered,2026-08-02T07:42:45.706302Z,51903810-0162,1,1097.0
Instax Shop,FBO,0137685168-0108-3,delivered,2026-08-02T07:44:31.121863Z,0137685168-0108,1,1097.0
Instax Shop,FBO,50211347-0821-1,cancelled,2026-08-02T07:59:50.708630Z,50211347-0821,1,1097.0
Instax Shop,FBO,70278177-0665-2,cancelled,2026-08-02T08:29:46.292128Z,70278177-0665,1,777.0
Instax Shop,FBO,58647479-0226-2,delivered,2026-08-02T08:43:22.753143Z,58647479-0226,1,947.0
Instax Shop,FBO,19403834-0303-1,delivered,2026-08-02T08:43:29.232219Z,19403834-0303,1,1097.0
Instax Shop,FBO,09483907-0384-1,delivered,2026-08-02T09:26:38.411862Z,09483907-0384,1,1097.0
Instax Shop,FBO,74420045-0160-1,delivered,2026-08-02T09:28:43.572733Z,74420045-0160,1,1097.0
Instax Shop,FBO,91900574-0166-1,delivered,2026-08-02T09:29:26.708651Z,91900574-0166,1,1047.0
Instax Shop,FBO,65296593-0173-1,delivered,2026-08-02T09:36:32.006412Z,65296593-0173,1,1097.0
Instax Shop,FBO,65764455-0248-1,delivered,2026-08-02T09:52:27.463970Z,65764455-0248,1,497.0
Instax Shop,FBO,04245597-0226-1,delivered,2026-08-02T10:21:48.864251Z,04245597-0226,1,1097.0
Instax Shop,FBO,50765208-0477-1,delivered,2026-08-02T10:24:39.216589Z,50765208-0477,1,1097.0
Instax Shop,FBO,60120977-0153-1,cancelled,2026-08-02T10:43:43.712126Z,60120977-0153,1,1097.0
Instax Shop,FBO,0224481321-0045-2,delivered,2026-08-02T10:48:32.208476Z,0224481321-0045,1,1097.0
Instax Shop,FBO,74824759-0187-1,delivered,2026-08-02T10:56:33.310731Z,74824759-0187,1,1097.0
Instax Shop,FBO,0110622317-0531-2,delivered,2026-08-02T10:57:36.192606Z,0110622317-0531,1,1047.0
Instax Shop,FBO,66503423-0246-1,delivered,2026-08-02T11:00:56.492270Z,66503423-0246,1,1097.0
Instax Shop,FBO,58878313-0459-3,cancelled,2026-08-02T11:12:25.565853Z,58878313-0459,1,1097.0
Instax Shop,FBO,0132410383-0077-1,delivered,2026-08-02T11:16:01.748801Z,0132410383-0077,1,1097.0
Instax Shop,FBO,0221863619-0130-1,delivered,2026-08-02T11:17:50.212756Z,0221863619-0130,1,1097.0
Instax Shop,FBO,0163292062-0119-1,delivered,2026-08-02T11:18:03.542686Z,0163292062-0119,1,1097.0
Instax Shop,FBO,0148028119-0186-2,delivered,2026-08-02T11:23:13.237273Z,0148028119-0186,1,1097.0
Instax Shop,FBO,0121855704-0192-1,delivered,2026-08-02T11:23:22.992004Z,0121855704-0192,1,1097.0
Instax Shop,FBO,25040140-0346-1,cancelled,2026-08-02T11:37:51.948447Z,25040140-0346,1,1097.0
Instax Shop,FBO,56442764-0220-2,delivered,2026-08-02T11:40:14.845063Z,56442764-0220,1,1097.0
Instax Shop,FBO,0128008934-0114-1,delivered,2026-08-02T11:40:54.629523Z,0128008934-0114,1,1097.0
Instax Shop,FBO,0102199280-0627-1,delivered,2026-08-02T12:03:11.566108Z,0102199280-0627,1,1097.0
Instax Shop,FBO,62039595-0298-1,delivered,2026-08-02T12:10:07.508461Z,62039595-0298,1,1097.0
Instax Shop,FBO,78846595-0411-1,delivered,2026-08-02T12:10:58.918065Z,78846595-0411,1,1097.0
Instax Shop,FBO,0184865001-0146-1,cancelled,2026-08-02T12:14:07.519581Z,0184865001-0146,1,1097.0
Instax Shop,FBO,61267546-0088-1,delivered,2026-08-02T12:25:56.196235Z,61267546-0088,1,1097.0
Instax Shop,FBO,80346204-0013-1,delivered,2026-08-02T12:29:00.612539Z,80346204-0013,1,1047.0
Instax Shop,FBO,79317101-0100-1,delivered,2026-08-02T12:45:40.380090Z,79317101-0100,1,1097.0
Instax Shop,FBO,0126005451-0262-1,delivered,2026-08-02T12:48:30.127499Z,0126005451-0262,1,1097.0
Instax Shop,FBO,29859829-0223-1,delivered,2026-08-02T13:02:03.816697Z,29859829-0223,1,1097.0
Instax Shop,FBO,15242519-0107-2,cancelled,2026-08-02T13:03:24.308195Z,15242519-0107,1,1097.0
Instax Shop,FBO,0124180504-0124-3,delivered,2026-08-02T13:11:05.037059Z,0124180504-0124,1,1097.0
Instax Shop,FBO,35527965-0408-1,delivered,2026-08-02T13:15:41.362650Z,35527965-0408,1,977.0
Instax Shop,FBO,35527965-0408-2,delivered,2026-08-02T13:15:41.362650Z,35527965-0408,1,1097.0
Instax Shop,FBO,94510914-0202-1,delivered,2026-08-02T13:18:50.471475Z,94510914-0202,1,1097.0
Instax Shop,FBO,0222277468-0123-1,delivered,2026-08-02T13:24:07.498024Z,0222277468-0123,1,1097.0
Instax Shop,FBO,24772153-0185-2,delivered,2026-08-02T13:52:34.665838Z,24772153-0185,1,1047.0
Instax Shop,FBO,98832309-0338-1,delivered,2026-08-02T14:02:26.274336Z,98832309-0338,1,497.0
Instax Shop,FBO,37671551-0077-1,cancelled,2026-08-02T14:08:37.388343Z,37671551-0077,1,1097.0
Instax Shop,FBO,48348629-0117-1,cancelled,2026-08-02T14:12:19.370484Z,48348629-0117,1,1097.0
Instax Shop,FBO,33020275-0455-1,delivered,2026-08-02T14:16:22.944916Z,33020275-0455,1,497.0
Instax Shop,FBO,11770884-0184-1,delivered,2026-08-02T14:44:42.464732Z,11770884-0184,1,1097.0
Instax Shop,FBO,75880236-0115-1,delivered,2026-08-02T14:47:18.664010Z,75880236-0115,1,1097.0
Instax Shop,FBO,33090892-0948-1,delivered,2026-08-02T14:50:45.718429Z,33090892-0948,1,1047.0
Instax Shop,FBO,46609771-0577-1,delivered,2026-08-02T14:56:35.245499Z,46609771-0577,1,1097.0
Instax Shop,FBO,03841074-0107-1,delivered,2026-08-02T15:16:47.468725Z,03841074-0107,1,497.0
Instax Shop,FBO,0153436549-0008-1,delivered,2026-08-02T15:25:37.843700Z,0153436549-0008,1,1097.0
Instax Shop,FBO,0182112739-0073-1,cancelled,2026-08-02T15:53:49.809182Z,0182112739-0073,1,1097.0
Instax Shop,FBO,68360412-0051-1,delivered,2026-08-02T15:54:57.812875Z,68360412-0051,1,1097.0
Instax Shop,FBO,42473942-0101-1,delivered,2026-08-02T15:56:48.934677Z,42473942-0101,1,677.0
Instax Shop,FBO,45573933-0135-1,delivered,2026-08-02T16:03:45.960298Z,45573933-0135,1,1097.0
Instax Shop,FBO,0178923835-0872-1,delivered,2026-08-02T16:15:13.424953Z,0178923835-0872,1,1097.0
Instax Shop,FBO,0121084524-0159-2,delivered,2026-08-02T16:24:11.560887Z,0121084524-0159,1,1097.0
Instax Shop,FBO,55135735-0346-1,delivered,2026-08-02T16:35:08.011564Z,55135735-0346,1,1097.0
Instax Shop,FBO,55135735-0346-2,delivered,2026-08-02T16:35:08.011564Z,55135735-0346,1,1097.0
Instax Shop,FBO,47215875-0278-1,delivered,2026-08-02T17:03:43.736033Z,47215875-0278,1,1097.0
Instax Shop,FBO,68923173-0029-2,cancelled,2026-08-02T17:34:43.179597Z,68923173-0029,1,1097.0
Instax Shop,FBO,0173233555-0266-1,delivered,2026-08-02T17:36:19.056219Z,0173233555-0266,1,1097.0
Instax Shop,FBO,0136159515-0274-4,delivered,2026-08-02T17:42:26.881105Z,0136159515-0274,1,1097.0
Instax Shop,FBO,37646403-0310-1,cancelled,2026-08-02T18:05:19.578762Z,37646403-0310,1,1047.0
Instax Shop,FBO,49862201-0463-1,cancelled,2026-08-02T18:09:26.764675Z,49862201-0463,1,1097.0
Instax Shop,FBO,0107450409-0045-1,delivered,2026-08-02T18:25:34.918325Z,0107450409-0045,1,1047.0
Instax Shop,FBO,0103394858-0147-2,delivered,2026-08-02T18:26:20.631386Z,0103394858-0147,1,1077.0
Instax Shop,FBO,0165498865-0662-1,delivered,2026-08-02T18:29:54.002346Z,0165498865-0662,1,1097.0
Instax Shop,FBO,0127470528-0122-1,cancelled,2026-08-02T18:32:00.390005Z,0127470528-0122,1,1097.0
Instax Shop,FBO,62352220-0078-1,delivered,2026-08-02T18:33:32.119909Z,62352220-0078,1,1047.0
Instax Shop,FBO,86429746-0165-7,delivered,2026-08-02T19:01:06.480640Z,86429746-0165,1,1097.0
Instax Shop,FBO,0161717052-0086-1,delivered,2026-08-02T19:26:22.474757Z,0161717052-0086,1,1097.0
Instax Shop,FBO,03069972-0045-1,delivered,2026-08-02T19:46:41.560047Z,03069972-0045,1,1047.0
Instax Shop,FBO,0122271082-0189-1,delivered,2026-08-02T20:02:27.197937Z,0122271082-0189,1,1097.0
Instax Shop,FBO,52210181-0505-1,delivered,2026-08-02T20:17:58.691299Z,52210181-0505,1,497.0
Instax Shop,FBO,15005890-0305-1,cancelled,2026-08-02T20:20:59.114937Z,15005890-0305,1,1097.0
Instax Shop,FBO,74807437-0233-1,delivered,2026-08-02T20:28:13.795289Z,74807437-0233,1,1097.0
Instax Shop,FBO,0140071845-0054-1,delivered,2026-08-02T20:40:11.908775Z,0140071845-0054,1,777.0
Instax Shop,FBO,36746196-0161-1,delivered,2026-08-02T20:56:17.957242Z,36746196-0161,1,1097.0
Instax Shop,FBO,0192177817-0040-1,delivered,2026-08-02T21:00:12.028763Z,0192177817-0040,1,1097.0
Instax Shop,FBO,05395186-1178-1,delivered,2026-08-02T21:37:28.318977Z,05395186-1178,1,497.0
Instax Shop,FBO,68393990-0056-1,delivered,2026-08-02T21:47:02.850998Z,68393990-0056,1,1097.0
Instax Shop,FBO,63776575-0057-2,delivered,2026-08-02T22:59:54.179758Z,63776575-0057,1,1097.0
Instax Shop,FBO,36139068-0350-1,delivered,2026-08-03T00:48:09.788015Z,36139068-0350,1,497.0
Instax Shop,FBO,0118352438-0319-1,delivered,2026-08-03T01:25:01.497369Z,0118352438-0319,1,1097.0
Instax Shop,FBO,0155225885-0153-1,delivered,2026-08-03T02:42:17.384711Z,0155225885-0153,1,1097.0
Instax Shop,FBO,42290920-0109-1,delivered,2026-08-03T02:54:55.909340Z,42290920-0109,1,777.0
Instax Shop,FBO,61764835-0218-1,delivered,2026-08-03T03:22:34.613485Z,61764835-0218,1,1047.0
Instax Shop,FBO,0112426821-0322-1,delivered,2026-08-03T03:37:07.675592Z,0112426821-0322,1,1097.0
Instax Shop,FBO,58665619-0192-2,delivered,2026-08-03T03:43:43.818571Z,58665619-0192,1,777.0
Instax Shop,FBO,52700484-0311-1,delivered,2026-08-03T04:03:35.237927Z,52700484-0311,1,497.0
Instax Shop,FBO,0131259542-0786-1,delivered,2026-08-03T04:07:25.260299Z,0131259542-0786,1,1097.0
Instax Shop,FBO,77156414-0174-1,delivered,2026-08-03T04:17:54.893489Z,77156414-0174,1,1097.0
Instax Shop,FBO,67756255-0004-1,delivered,2026-08-03T04:30:27.013821Z,67756255-0004,1,1097.0
Instax Shop,FBO,0187237215-0013-1,delivered,2026-08-03T05:11:40.909802Z,0187237215-0013,1,1097.0
Instax Shop,FBO,50741830-0480-1,delivered,2026-08-03T05:32:08.882732Z,50741830-0480,1,1097.0
Instax Shop,FBO,30417565-0151-1,delivered,2026-08-03T05:37:29.813536Z,30417565-0151,1,1097.0
Instax Shop,FBO,58803941-1271-1,delivered,2026-08-03T05:46:49.087655Z,58803941-1271,1,1097.0
Instax Shop,FBO,0201567011-0142-1,cancelled,2026-08-03T06:19:26.650328Z,0201567011-0142,1,1097.0
Instax Shop,FBO,60869664-0136-1,cancelled,2026-08-03T06:36:39.988305Z,60869664-0136,1,1097.0
Instax Shop,FBO,59580411-0146-3,delivered,2026-08-03T06:40:15.966721Z,59580411-0146,1,1097.0
Instax Shop,FBO,18685157-0227-3,delivered,2026-08-03T06:43:06.468897Z,18685157-0227,1,1097.0
Instax Shop,FBO,45843814-0034-1,delivered,2026-08-03T07:13:48.478389Z,45843814-0034,1,1097.0
Instax Shop,FBO,13338676-1346-1,delivered,2026-08-03T07:30:46.964846Z,13338676-1346,1,497.0
Instax Shop,FBO,0152351467-0043-1,cancelled,2026-08-03T07:44:20.349729Z,0152351467-0043,1,1097.0
Instax Shop,FBO,79937581-0674-1,delivered,2026-08-03T07:58:14.325538Z,79937581-0674,1,1097.0
Instax Shop,FBO,79937581-0675-1,cancelled,2026-08-03T08:00:18.964939Z,79937581-0675,1,1097.0
Instax Shop,FBO,03861176-0066-1,delivered,2026-08-03T08:05:41.828215Z,03861176-0066,1,777.0
Instax Shop,FBO,09819828-0586-1,delivered,2026-08-03T08:09:45.120670Z,09819828-0586,1,1097.0
Instax Shop,FBO,67146290-0255-1,delivered,2026-08-03T08:13:33.849707Z,67146290-0255,1,1097.0
Instax Shop,FBO,48755125-0271-2,delivered,2026-08-03T08:13:39.543111Z,48755125-0271,1,1097.0
Instax Shop,FBO,72669408-0050-1,delivered,2026-08-03T08:19:10.795556Z,72669408-0050,1,1096.0
Instax Shop,FBO,22303872-0092-1,delivered,2026-08-03T08:58:15.341680Z,22303872-0092,1,1097.0
Instax Shop,FBO,56349482-0216-5,delivered,2026-08-03T08:59:11.404661Z,56349482-0216,1,1097.0
Instax Shop,FBO,33417960-0617-1,delivered,2026-08-03T09:00:43.530633Z,33417960-0617,1,977.0
Instax Shop,FBO,0197267858-0091-1,delivered,2026-08-03T09:11:43.701608Z,0197267858-0091,1,1097.0
Instax Shop,FBO,06716391-0307-1,delivered,2026-08-03T09:31:17.277443Z,06716391-0307,1,1097.0
Instax Shop,FBO,17335999-0555-5,delivered,2026-08-03T09:46:05.362142Z,17335999-0555,1,977.0
Instax Shop,FBO,22570330-0145-1,delivered,2026-08-03T09:51:31.474941Z,22570330-0145,1,1097.0
Instax Shop,FBO,83033901-0132-1,delivered,2026-08-03T09:54:48.425569Z,83033901-0132,1,1097.0
Instax Shop,FBO,0217087565-0021-1,delivered,2026-08-03T09:59:17.303889Z,0217087565-0021,1,1097.0
Instax Shop,FBO,0199217217-0051-1,delivered,2026-08-03T10:00:27.994538Z,0199217217-0051,1,1096.0
Instax Shop,FBO,61740273-0153-1,delivered,2026-08-03T10:02:26.055436Z,61740273-0153,1,497.0
Instax Shop,FBO,52183443-0494-1,cancelled,2026-08-03T10:03:55.210869Z,52183443-0494,1,1097.0
Instax Shop,FBO,52183443-0494-2,cancelled,2026-08-03T10:03:55.210869Z,52183443-0494,1,1097.0
Instax Shop,FBO,37784112-0383-1,cancelled,2026-08-03T10:10:42.231785Z,37784112-0383,1,1097.0
Instax Shop,FBO,30685492-0533-1,delivered,2026-08-03T10:19:28.614135Z,30685492-0533,1,1097.0
Instax Shop,FBO,0196585400-0248-1,delivered,2026-08-03T10:29:46.434402Z,0196585400-0248,1,1047.0
Instax Shop,FBO,0211321041-0092-1,delivered,2026-08-03T11:01:14.566575Z,0211321041-0092,1,1097.0
Instax Shop,FBO,92477536-0018-1,delivered,2026-08-03T11:15:30.879122Z,92477536-0018,1,1097.0
Instax Shop,FBO,47873334-0081-1,cancelled,2026-08-03T11:27:35.900320Z,47873334-0081,1,1097.0
Instax Shop,FBO,72417476-0197-1,delivered,2026-08-03T11:46:44.302460Z,72417476-0197,1,947.0
Instax Shop,FBO,72417476-0197-3,cancelled,2026-08-03T11:46:44.302460Z,72417476-0197,1,947.0
Instax Shop,FBO,0198151408-0011-2,delivered,2026-08-03T11:55:43.122342Z,0198151408-0011,1,1097.0
Instax Shop,FBO,23384392-1812-1,delivered,2026-08-03T11:57:02.619376Z,23384392-1812,1,1097.0
Instax Shop,FBO,76010196-0067-1,delivered,2026-08-03T12:09:45.127391Z,76010196-0067,1,1097.0
Instax Shop,FBO,55148570-0975-1,cancelled,2026-08-03T12:22:08.354187Z,55148570-0975,1,1047.0
Instax Shop,FBO,18671199-0123-1,delivered,2026-08-03T12:25:59.010045Z,18671199-0123,1,1097.0
Instax Shop,FBO,55148570-0976-1,cancelled,2026-08-03T13:09:13.074296Z,55148570-0976,1,1047.0
Instax Shop,FBO,78038779-0083-1,delivered,2026-08-03T13:16:22.004040Z,78038779-0083,1,1097.0
Instax Shop,FBO,39787893-0308-2,cancelled,2026-08-03T13:22:46.815734Z,39787893-0308,1,1047.0
Instax Shop,FBO,72463519-0397-1,delivered,2026-08-03T13:56:12.568081Z,72463519-0397,1,497.0
Instax Shop,FBO,32263367-0143-1,delivered,2026-08-03T13:59:07.647896Z,32263367-0143,1,497.0
Instax Shop,FBO,85951116-0145-1,delivered,2026-08-03T14:10:16.750098Z,85951116-0145,1,1097.0
Instax Shop,FBO,17300711-0214-1,delivered,2026-08-03T14:11:52.253461Z,17300711-0214,1,947.0
Instax Shop,FBO,78172838-0072-1,delivered,2026-08-03T14:37:59.679903Z,78172838-0072,1,1096.0
Instax Shop,FBO,42466615-0027-1,delivered,2026-08-03T14:41:28.784525Z,42466615-0027,1,1097.0
Instax Shop,FBO,37804870-0036-1,delivered,2026-08-03T14:43:09.742846Z,37804870-0036,1,1097.0
Instax Shop,FBO,55148570-0977-1,cancelled,2026-08-03T14:52:13.569745Z,55148570-0977,1,1047.0
Instax Shop,FBO,10808306-0830-1,delivered,2026-08-03T14:58:55.202578Z,10808306-0830,1,1097.0
Instax Shop,FBO,0142877018-0262-1,delivered,2026-08-03T15:00:36.456053Z,0142877018-0262,1,1097.0
Instax Shop,FBO,55148570-0979-1,cancelled,2026-08-03T15:08:51.326857Z,55148570-0979,1,1047.0
Instax Shop,FBO,51909164-0265-3,delivered,2026-08-03T15:10:50.542771Z,51909164-0265,1,1097.0
Instax Shop,FBO,82849859-0151-2,delivered,2026-08-03T15:31:44.434787Z,82849859-0151,1,1097.0
Instax Shop,FBO,82849859-0151-3,delivered,2026-08-03T15:31:44.434787Z,82849859-0151,1,1097.0
Instax Shop,FBO,81970610-0626-1,delivered,2026-08-03T15:35:10.950356Z,81970610-0626,1,497.0
Instax Shop,FBO,55169628-0333-1,delivered,2026-08-03T15:54:42.475487Z,55169628-0333,1,1097.0
Instax Shop,FBO,69360830-0147-1,cancelled,2026-08-03T16:13:15.751165Z,69360830-0147,1,1097.0
Instax Shop,FBO,89645048-0163-1,delivered,2026-08-03T16:17:11.569279Z,89645048-0163,1,1097.0
Instax Shop,FBO,69360830-0148-1,delivered,2026-08-03T16:18:41.349060Z,69360830-0148,1,1097.0
Instax Shop,FBO,35816481-0578-2,delivered,2026-08-03T16:28:54.483144Z,35816481-0578,1,1097.0
Instax Shop,FBO,0180453055-0186-1,cancelled,2026-08-03T16:33:16.281230Z,0180453055-0186,1,947.0
Instax Shop,FBO,50695654-1251-3,cancelled,2026-08-03T16:42:22.843182Z,50695654-1251,1,1097.0
Instax Shop,FBO,30488693-0447-1,delivered,2026-08-03T16:44:11.491656Z,30488693-0447,1,1097.0
Instax Shop,FBO,50483479-0066-1,delivered,2026-08-03T16:55:55.113324Z,50483479-0066,1,1097.0
Instax Shop,FBO,01878904-0824-2,delivered,2026-08-03T17:02:35.337995Z,01878904-0824,1,1047.0
Instax Shop,FBO,68620121-0152-1,delivered,2026-08-03T17:19:43.982471Z,68620121-0152,1,1097.0
Instax Shop,FBO,61460605-0441-1,delivered,2026-08-03T17:40:46.967892Z,61460605-0441,1,1097.0
Instax Shop,FBO,66048589-0125-1,cancelled,2026-08-03T17:50:30.859297Z,66048589-0125,1,1047.0
Instax Shop,FBO,42364641-0543-1,delivered,2026-08-03T17:57:18.096200Z,42364641-0543,1,1097.0
Instax Shop,FBO,0124817648-0287-1,cancelled,2026-08-03T18:12:11.653497Z,0124817648-0287,1,497.0
Instax Shop,FBO,0244968762-0026-1,delivered,2026-08-03T18:14:34.225551Z,0244968762-0026,1,1097.0
Instax Shop,FBO,86613344-0101-1,delivered,2026-08-03T18:44:51.779537Z,86613344-0101,1,1097.0
Instax Shop,FBO,56386661-1542-1,delivered,2026-08-03T18:46:03.712471Z,56386661-1542,1,1097.0
Instax Shop,FBO,43602789-0144-1,cancelled,2026-08-03T18:49:47.581012Z,43602789-0144,1,1097.0
Instax Shop,FBO,43602789-0145-1,cancelled,2026-08-03T18:53:17.150064Z,43602789-0145,1,1097.0
Instax Shop,FBO,0229874055-0005-1,delivered,2026-08-03T19:42:43.533355Z,0229874055-0005,1,1097.0
Instax Shop,FBO,33863240-0115-1,delivered,2026-08-03T19:58:58.068566Z,33863240-0115,1,1047.0
Instax Shop,FBO,0146452099-0089-1,delivered,2026-08-03T20:06:28.483027Z,0146452099-0089,1,1047.0
Instax Shop,FBO,49752464-0289-2,delivered,2026-08-03T20:11:22.385824Z,49752464-0289,1,1097.0
Instax Shop,FBO,0176312142-0053-1,delivered,2026-08-03T20:14:00.030330Z,0176312142-0053,1,1047.0
Instax Shop,FBO,45492071-0213-4,delivered,2026-08-03T20:20:17.919688Z,45492071-0213,1,1096.0
Instax Shop,FBO,46488326-0173-3,delivered,2026-08-03T20:36:44.713147Z,46488326-0173,1,1097.0
Instax Shop,FBO,0149422048-0028-1,delivered,2026-08-03T20:42:13.717989Z,0149422048-0028,1,1097.0
Instax Shop,FBO,46405487-0384-1,delivered,2026-08-03T20:59:05.214089Z,46405487-0384,1,497.0
Instax Shop,FBO,0124952772-0058-1,delivered,2026-08-03T21:06:13.631795Z,0124952772-0058,1,1097.0
Instax Shop,FBO,0176232998-0104-3,delivered,2026-08-03T21:24:34.636883Z,0176232998-0104,1,1047.0
Instax Shop,FBO,0187917757-0039-1,delivered,2026-08-03T21:37:58.209353Z,0187917757-0039,1,1097.0
Instax Shop,FBO,0146668494-0041-1,delivered,2026-08-03T22:12:26.307269Z,0146668494-0041,1,1097.0
Instax Shop,FBO,0108871627-0023-1,delivered,2026-08-04T00:45:11.803343Z,0108871627-0023,1,777.0
Instax Shop,FBO,43447194-0313-1,delivered,2026-08-04T01:08:29.356126Z,43447194-0313,1,1097.0
Instax Shop,FBO,85518883-0377-1,cancelled,2026-08-04T01:45:01.475557Z,85518883-0377,1,1097.0
Instax Shop,FBO,85518883-0378-1,delivered,2026-08-04T02:09:50.724579Z,85518883-0378,1,1097.0
Instax Shop,FBO,46998425-0560-1,delivered,2026-08-04T03:18:58.956165Z,46998425-0560,1,497.0
Instax Shop,FBO,92909202-0048-1,delivered,2026-08-04T03:39:57.042051Z,92909202-0048,1,1047.0
Instax Shop,FBO,81011680-0033-3,delivered,2026-08-04T03:46:56.618660Z,81011680-0033,1,1097.0
Instax Shop,FBO,0174169856-0031-2,delivered,2026-08-04T03:58:40.905512Z,0174169856-0031,1,1097.0
Instax Shop,FBO,73595129-0090-1,cancelled,2026-08-04T04:21:14.869255Z,73595129-0090,1,1047.0
Instax Shop,FBO,91875226-0838-1,delivered,2026-08-04T04:53:25.498085Z,91875226-0838,1,1047.0
Instax Shop,FBO,90123125-0643-1,cancelled,2026-08-04T05:49:19.406762Z,90123125-0643,1,1097.0
Instax Shop,FBO,45123519-0054-1,delivered,2026-08-04T05:53:50.328899Z,45123519-0054,1,1097.0
Instax Shop,FBO,0243985671-0067-1,delivered,2026-08-04T06:27:27.148990Z,0243985671-0067,1,1097.0
Instax Shop,FBO,71420291-0895-1,delivered,2026-08-04T06:49:21.812776Z,71420291-0895,1,1097.0
Instax Shop,FBO,0193287612-0739-1,delivered,2026-08-04T06:56:39.023068Z,0193287612-0739,1,1097.0
Instax Shop,FBO,0173616392-0187-1,cancelled,2026-08-04T07:06:07.164650Z,0173616392-0187,1,777.0
Instax Shop,FBO,0158863040-0058-3,delivered,2026-08-04T07:09:07.875811Z,0158863040-0058,1,1097.0
Instax Shop,FBO,17862895-0111-1,delivered,2026-08-04T07:13:21.581012Z,17862895-0111,1,1097.0
Instax Shop,FBO,36675779-0452-1,delivered,2026-08-04T07:28:24.647213Z,36675779-0452,1,1097.0
Instax Shop,FBO,0125483417-0048-3,delivered,2026-08-04T08:04:56.180933Z,0125483417-0048,1,1097.0
Instax Shop,FBO,30573984-0373-1,delivered,2026-08-04T08:08:16.526654Z,30573984-0373,1,1097.0
Instax Shop,FBO,05152241-0172-1,delivered,2026-08-04T08:17:50.416591Z,05152241-0172,1,1097.0
Instax Shop,FBO,0139889063-0123-1,delivered,2026-08-04T08:23:30.504655Z,0139889063-0123,1,777.0
Instax Shop,FBO,0240694138-0022-1,delivered,2026-08-04T08:42:46.600020Z,0240694138-0022,1,1097.0
Instax Shop,FBO,73098507-0146-1,delivered,2026-08-04T08:44:11.812683Z,73098507-0146,1,1097.0
Instax Shop,FBO,39497418-0029-2,delivered,2026-08-04T08:47:46.519639Z,39497418-0029,1,1097.0
Instax Shop,FBO,85881210-0459-3,delivered,2026-08-04T08:58:07.720862Z,85881210-0459,1,1097.0
Instax Shop,FBO,85711407-0270-1,delivered,2026-08-04T09:22:32.648464Z,85711407-0270,1,1097.0
Instax Shop,FBO,31031932-0258-3,delivered,2026-08-04T09:30:08.686964Z,31031932-0258,1,1097.0
Instax Shop,FBO,0121084524-0161-1,delivered,2026-08-04T09:43:24.918831Z,0121084524-0161,1,1097.0
Instax Shop,FBO,37019004-0573-1,cancelled,2026-08-04T10:26:18.904588Z,37019004-0573,1,1097.0
Instax Shop,FBO,37019004-0574-1,delivered,2026-08-04T10:27:54.897525Z,37019004-0574,1,1097.0
Instax Shop,FBO,0179075421-0005-1,delivered,2026-08-04T11:11:54.993986Z,0179075421-0005,1,1097.0
Instax Shop,FBO,0162859946-0022-1,delivered,2026-08-04T11:16:33.118556Z,0162859946-0022,1,1097.0
Instax Shop,FBO,48563839-0048-1,delivered,2026-08-04T11:33:09.017599Z,48563839-0048,1,1097.0
Instax Shop,FBO,0155136115-0074-1,delivered,2026-08-04T11:42:16.020445Z,0155136115-0074,1,777.0
Instax Shop,FBO,34791041-0144-1,cancelled,2026-08-04T12:03:46.872807Z,34791041-0144,1,1097.0
Instax Shop,FBO,0161769371-0336-1,delivered,2026-08-04T12:08:44.149489Z,0161769371-0336,1,497.0
Instax Shop,FBO,0166077761-0034-1,cancelled,2026-08-04T12:19:37.502325Z,0166077761-0034,1,1097.0
Instax Shop,FBO,29958022-0738-1,delivered,2026-08-04T12:23:20.808498Z,29958022-0738,1,1097.0
Instax Shop,FBO,25506914-0539-1,cancelled,2026-08-04T12:27:07.231518Z,25506914-0539,1,1047.0
Instax Shop,FBO,25506914-0539-2,cancelled,2026-08-04T12:27:07.231518Z,25506914-0539,1,1047.0
Instax Shop,FBO,25506914-0540-1,cancelled,2026-08-04T12:35:04.813897Z,25506914-0540,1,1097.0
Instax Shop,FBO,25506914-0540-3,delivered,2026-08-04T12:35:04.813897Z,25506914-0540,1,1097.0
Instax Shop,FBO,79490261-0063-1,delivered,2026-08-04T12:36:45.683514Z,79490261-0063,1,1097.0
Instax Shop,FBO,0118969920-0223-1,delivered,2026-08-04T12:42:32.947155Z,0118969920-0223,1,1097.0
Instax Shop,FBO,0106717355-0456-1,delivered,2026-08-04T12:49:20.606677Z,0106717355-0456,1,497.0
Instax Shop,FBO,0106717355-0457-1,cancelled,2026-08-04T12:49:32.290330Z,0106717355-0457,1,497.0
Instax Shop,FBO,92307309-0059-1,delivered,2026-08-04T13:17:38.945390Z,92307309-0059,1,1097.0
Instax Shop,FBO,77269440-1102-1,cancelled,2026-08-04T13:25:55.732223Z,77269440-1102,1,1047.0
Instax Shop,FBO,90862135-0049-1,delivered,2026-08-04T13:27:25.143516Z,90862135-0049,1,1097.0
Instax Shop,FBO,0145619795-0051-2,cancelled,2026-08-04T14:48:10.403823Z,0145619795-0051,1,1047.0
Instax Shop,FBO,14823720-0133-1,delivered,2026-08-04T14:49:43.273204Z,14823720-0133,1,1097.0
Instax Shop,FBO,0241534522-0013-2,delivered,2026-08-04T14:58:05.978152Z,0241534522-0013,1,1097.0
Instax Shop,FBO,48335203-0375-1,delivered,2026-08-04T15:23:52.239939Z,48335203-0375,1,1097.0
Instax Shop,FBO,32960109-0060-1,delivered,2026-08-04T15:27:58.510027Z,32960109-0060,1,1097.0
Instax Shop,FBO,10410219-0246-1,delivered,2026-08-04T15:56:46.680965Z,10410219-0246,1,1097.0
Instax Shop,FBO,0101975384-0196-1,delivered,2026-08-04T16:23:52.298490Z,0101975384-0196,1,1047.0
Instax Shop,FBO,17607147-0489-1,delivered,2026-08-04T16:26:18.896407Z,17607147-0489,1,1097.0
Instax Shop,FBO,0147872909-0135-1,delivered,2026-08-04T16:32:02.212960Z,0147872909-0135,1,1097.0
Instax Shop,FBO,61365050-0322-1,delivered,2026-08-04T16:34:11.742587Z,61365050-0322,1,497.0
Instax Shop,FBO,0127001950-0234-1,delivered,2026-08-04T16:36:00.606739Z,0127001950-0234,1,1097.0
Instax Shop,FBO,0128033455-0006-1,delivered,2026-08-04T16:41:44.555532Z,0128033455-0006,1,1097.0
Instax Shop,FBO,93388719-0163-1,delivered,2026-08-04T16:53:12.878600Z,93388719-0163,1,497.0
Instax Shop,FBO,57247646-0723-1,delivered,2026-08-04T17:08:22.418570Z,57247646-0723,1,1097.0
Instax Shop,FBO,95739789-0038-2,delivered,2026-08-04T18:03:29.036657Z,95739789-0038,1,497.0
Instax Shop,FBO,65046065-0354-1,delivered,2026-08-04T18:31:04.000367Z,65046065-0354,1,1097.0
Instax Shop,FBO,61276920-0516-1,delivered,2026-08-04T18:51:15.567901Z,61276920-0516,1,1097.0
Instax Shop,FBO,85323360-0645-1,delivered,2026-08-04T18:56:07.492377Z,85323360-0645,1,1097.0
Instax Shop,FBO,80717514-0158-1,delivered,2026-08-04T19:00:48.930018Z,80717514-0158,1,1097.0
Instax Shop,FBO,52287395-0134-1,delivered,2026-08-04T19:01:13.985954Z,52287395-0134,1,677.0
Instax Shop,FBO,10941371-0244-1,cancelled,2026-08-04T19:03:48.736184Z,10941371-0244,1,1097.0
Instax Shop,FBO,15688522-0160-1,cancelled,2026-08-04T19:17:52.958417Z,15688522-0160,1,1097.0
Instax Shop,FBO,92940964-0056-1,delivered,2026-08-04T19:33:19.439385Z,92940964-0056,1,1097.0
Instax Shop,FBO,0108871627-0024-1,cancelled,2026-08-04T20:01:02.651297Z,0108871627-0024,1,777.0
Instax Shop,FBO,0102816328-0331-1,delivered,2026-08-04T20:06:19.902563Z,0102816328-0331,1,777.0
Instax Shop,FBO,52034571-0319-1,delivered,2026-08-04T20:13:09.786551Z,52034571-0319,1,1097.0
Instax Shop,FBO,0150929327-0005-1,cancelled,2026-08-04T20:40:39.195141Z,0150929327-0005,1,1097.0
Instax Shop,FBO,48450114-0085-1,cancelled,2026-08-05T00:04:39.670410Z,48450114-0085,1,1097.0
Instax Shop,FBO,0209381312-0060-1,delivered,2026-08-05T01:45:22.775284Z,0209381312-0060,1,1097.0
Instax Shop,FBO,0193412087-0108-1,delivered,2026-08-05T03:07:42.699199Z,0193412087-0108,1,1097.0
Instax Shop,FBO,0196740258-0129-1,delivered,2026-08-05T04:22:39.678014Z,0196740258-0129,1,777.0
Instax Shop,FBO,92573526-0220-1,delivered,2026-08-05T04:36:20.784141Z,92573526-0220,1,1097.0
Instax Shop,FBO,44528996-0563-1,delivered,2026-08-05T04:38:31.933380Z,44528996-0563,1,1097.0
Instax Shop,FBO,61992020-0458-1,delivered,2026-08-05T05:05:26.156864Z,61992020-0458,1,1097.0
Instax Shop,FBO,61992020-0459-1,delivered,2026-08-05T05:07:23.384240Z,61992020-0459,1,1043.0
Instax Shop,FBO,0157987588-0282-1,delivered,2026-08-05T05:20:16.493339Z,0157987588-0282,1,1097.0
Instax Shop,FBO,0119448560-0394-1,delivered,2026-08-05T05:21:35.342500Z,0119448560-0394,1,1097.0
Instax Shop,FBO,14622533-0095-1,delivered,2026-08-05T05:23:02.872415Z,14622533-0095,1,1097.0
Instax Shop,FBO,0193741022-0809-1,cancelled,2026-08-05T06:34:54.389263Z,0193741022-0809,1,1097.0
Instax Shop,FBO,62984845-0239-2,delivered,2026-08-05T06:41:27.216060Z,62984845-0239,1,1077.0
Instax Shop,FBO,76189609-0046-1,delivered,2026-08-05T06:56:10.791354Z,76189609-0046,1,1197.0
Instax Shop,FBO,0184348017-0066-5,delivered,2026-08-05T07:14:00.298667Z,0184348017-0066,1,1197.0
Instax Shop,FBO,05944021-0438-2,delivered,2026-08-05T07:43:33.205598Z,05944021-0438,1,1097.0
Instax Shop,FBO,12693350-0138-3,delivered,2026-08-05T08:05:27.851905Z,12693350-0138,1,1097.0
Instax Shop,FBO,0194450164-0613-1,delivered,2026-08-05T08:07:16.692520Z,0194450164-0613,1,1197.0
Instax Shop,FBO,0241145890-0015-1,delivered,2026-08-05T08:18:09.835029Z,0241145890-0015,1,1197.0
Instax Shop,FBO,08530229-0867-1,delivered,2026-08-05T08:23:22.512283Z,08530229-0867,1,1097.0
Instax Shop,FBO,43390745-0078-2,delivered,2026-08-05T08:34:48.302391Z,43390745-0078,1,1197.0
Instax Shop,FBO,0136197310-0105-1,delivered,2026-08-05T09:08:50.947671Z,0136197310-0105,1,1097.0
Instax Shop,FBO,0203572762-0322-1,delivered,2026-08-05T09:14:30.191175Z,0203572762-0322,1,1197.0
Instax Shop,FBO,49757481-1439-1,delivered,2026-08-05T09:22:35.998804Z,49757481-1439,1,1197.0
Instax Shop,FBO,0113800641-0095-1,delivered,2026-08-05T11:01:34.683974Z,0113800641-0095,1,1097.0
Instax Shop,FBO,0249296657-0084-1,delivered,2026-08-05T11:08:11.924397Z,0249296657-0084,1,497.0
Instax Shop,FBO,91405729-0131-2,delivered,2026-08-05T12:01:07.715915Z,91405729-0131,1,1097.0
Instax Shop,FBO,0201872736-0041-1,delivered,2026-08-05T12:20:56.195528Z,0201872736-0041,1,1197.0
Instax Shop,FBO,07701206-0408-1,delivered,2026-08-05T12:22:14.173512Z,07701206-0408,1,1097.0
Instax Shop,FBO,65814191-0352-1,delivered,2026-08-05T12:29:11.864653Z,65814191-0352,1,1197.0
Instax Shop,FBO,68185087-0298-1,delivered,2026-08-05T12:29:30.834928Z,68185087-0298,1,1197.0
Instax Shop,FBO,0122635601-0057-1,cancelled,2026-08-05T12:36:37.420720Z,0122635601-0057,1,1197.0
Instax Shop,FBO,0127025542-0093-1,delivered,2026-08-05T13:13:08.080320Z,0127025542-0093,1,497.0
Instax Shop,FBO,57135570-0138-1,delivered,2026-08-05T13:30:41.746923Z,57135570-0138,1,777.0
Instax Shop,FBO,0131229410-0305-1,delivered,2026-08-05T13:54:11.927481Z,0131229410-0305,1,1197.0
Instax Shop,FBO,81346110-0328-1,delivered,2026-08-05T14:05:52.565529Z,81346110-0328,1,497.0
Instax Shop,FBO,08533132-0170-5,delivered,2026-08-05T14:07:08.459916Z,08533132-0170,1,1097.0
Instax Shop,FBO,0157936796-0290-1,delivered,2026-08-05T14:08:08.598029Z,0157936796-0290,1,1197.0
Instax Shop,FBO,83940244-0912-1,cancelled,2026-08-05T14:13:19.804650Z,83940244-0912,1,1197.0
Instax Shop,FBO,86801663-0002-1,delivered,2026-08-05T14:13:32.263619Z,86801663-0002,1,677.0
Instax Shop,FBO,48261312-0223-1,delivered,2026-08-05T14:20:48.298352Z,48261312-0223,1,1197.0
Instax Shop,FBO,65739511-0177-1,delivered,2026-08-05T14:33:03.424219Z,65739511-0177,1,1197.0
Instax Shop,FBO,28076195-0219-1,delivered,2026-08-05T14:39:53.208402Z,28076195-0219,1,1197.0
Instax Shop,FBO,0157936796-0291-1,delivered,2026-08-05T14:42:52.867698Z,0157936796-0291,1,1197.0
Instax Shop,FBO,52808521-0299-1,delivered,2026-08-05T14:43:24.532316Z,52808521-0299,1,1097.0
Instax Shop,FBO,0125475795-0197-2,delivered,2026-08-05T14:58:00.035278Z,0125475795-0197,1,1197.0
Instax Shop,FBO,0118043684-0374-1,delivered,2026-08-05T15:06:12.518208Z,0118043684-0374,1,497.0
Instax Shop,FBO,62089645-0503-1,delivered,2026-08-05T15:22:06.046126Z,62089645-0503,1,1097.0
Instax Shop,FBO,0135123422-0030-1,delivered,2026-08-05T15:25:03.059217Z,0135123422-0030,1,1096.0
Instax Shop,FBO,39194600-0536-1,delivered,2026-08-05T15:43:48.544403Z,39194600-0536,1,497.0
Instax Shop,FBO,0104531552-0217-1,delivered,2026-08-05T16:05:16.228854Z,0104531552-0217,1,677.0
Instax Shop,FBO,85779110-0125-1,delivered,2026-08-05T16:07:20.913224Z,85779110-0125,1,1097.0
Instax Shop,FBO,66802396-0408-1,delivered,2026-08-05T16:24:25.631796Z,66802396-0408,1,1097.0
Instax Shop,FBO,28803978-0054-1,delivered,2026-08-05T16:38:06.106045Z,28803978-0054,1,1197.0
Instax Shop,FBO,69323029-1095-1,cancelled,2026-08-05T16:47:14.449375Z,69323029-1095,1,1097.0
Instax Shop,FBO,64375678-0066-2,cancelled,2026-08-05T17:05:28.490086Z,64375678-0066,1,1197.0
Instax Shop,FBO,0214025278-0021-1,delivered,2026-08-05T17:19:02.193932Z,0214025278-0021,1,1197.0
Instax Shop,FBO,82229011-0217-2,delivered,2026-08-05T17:24:30.202542Z,82229011-0217,1,1097.0
Instax Shop,FBO,47824885-0013-2,delivered,2026-08-05T17:36:09.249349Z,47824885-0013,1,677.0
Instax Shop,FBO,84789824-0019-1,delivered,2026-08-05T17:42:45.385748Z,84789824-0019,1,947.0
Instax Shop,FBO,45921635-0082-1,delivered,2026-08-05T17:46:09.033868Z,45921635-0082,1,1097.0
Instax Shop,FBO,04922615-0105-1,cancelled,2026-08-05T17:49:21.170663Z,04922615-0105,1,497.0
Instax Shop,FBO,49810185-0186-1,delivered,2026-08-05T17:50:56.364878Z,49810185-0186,1,1197.0
Instax Shop,FBO,55191982-0148-2,cancelled,2026-08-05T17:52:42.879088Z,55191982-0148,1,1197.0
Instax Shop,FBO,0169352970-0400-1,cancelled,2026-08-05T17:54:17.867272Z,0169352970-0400,1,1197.0
Instax Shop,FBO,0169352970-0401-1,cancelled,2026-08-05T17:57:37.044849Z,0169352970-0401,1,1197.0
Instax Shop,FBO,0169352970-0402-1,delivered,2026-08-05T18:05:00.483744Z,0169352970-0402,1,1197.0
Instax Shop,FBO,0174169856-0032-1,delivered,2026-08-05T18:31:00.671793Z,0174169856-0032,1,1197.0
Instax Shop,FBO,30908444-0284-4,delivered,2026-08-05T18:40:27.169801Z,30908444-0284,1,1197.0
Instax Shop,FBO,0134289867-0068-1,cancelled,2026-08-05T18:47:35.359656Z,0134289867-0068,1,1197.0
Instax Shop,FBO,49522193-0678-1,delivered,2026-08-05T19:01:53.048792Z,49522193-0678,1,1197.0
Instax Shop,FBO,06678711-0503-1,delivered,2026-08-05T19:33:58.222008Z,06678711-0503,1,497.0
Instax Shop,FBO,0125293669-0102-2,cancelled,2026-08-05T19:35:56.616891Z,0125293669-0102,1,1197.0
Instax Shop,FBO,17172456-0153-3,cancelled,2026-08-05T20:04:01.831736Z,17172456-0153,1,1097.0
Instax Shop,FBO,17354420-0613-1,delivered,2026-08-05T20:21:11.536525Z,17354420-0613,1,1097.0
Instax Shop,FBO,0147175377-0542-1,delivered,2026-08-05T22:10:00.718425Z,0147175377-0542,1,1004.0
Instax Shop,FBO,0188795227-0418-1,cancelled,2026-08-06T00:52:20.850037Z,0188795227-0418,1,1197.0
Instax Shop,FBO,60354403-0250-1,delivered,2026-08-06T03:18:56.244048Z,60354403-0250,1,1197.0
Instax Shop,FBO,39158625-0577-1,delivered,2026-08-06T03:36:31.663274Z,39158625-0577,1,1197.0
Instax Shop,FBO,60522216-0032-1,delivered,2026-08-06T04:52:18.174160Z,60522216-0032,1,1097.0
Instax Shop,FBO,0130996031-0082-2,delivered,2026-08-06T05:01:04.589447Z,0130996031-0082,1,1197.0
Instax Shop,FBO,06647400-0214-1,delivered,2026-08-06T05:32:42.971601Z,06647400-0214,1,497.0
Instax Shop,FBO,85272144-1242-1,delivered,2026-08-06T05:38:51.732540Z,85272144-1242,1,1197.0
Instax Shop,FBO,44712871-0022-2,delivered,2026-08-06T05:40:15.727669Z,44712871-0022,1,1197.0
Instax Shop,FBO,0127790956-0296-1,delivered,2026-08-06T05:48:32.340256Z,0127790956-0296,1,1097.0
Instax Shop,FBO,48116745-0338-4,cancelled,2026-08-06T05:49:53.894484Z,48116745-0338,1,497.0
Instax Shop,FBO,0112524869-1033-1,cancelled,2026-08-06T05:51:00.811459Z,0112524869-1033,1,1097.0
Instax Shop,FBO,28617355-0071-1,delivered,2026-08-06T06:47:54.065674Z,28617355-0071,1,1096.0
Instax Shop,FBO,29041128-0395-1,delivered,2026-08-06T06:53:16.950391Z,29041128-0395,1,1197.0
Instax Shop,FBO,69123698-0100-1,delivered,2026-08-06T06:56:40.400527Z,69123698-0100,1,1197.0
Instax Shop,FBO,69123698-0100-3,cancelled,2026-08-06T06:56:40.400527Z,69123698-0100,1,1197.0
Instax Shop,FBO,0126185449-0304-1,delivered,2026-08-06T07:02:29.002500Z,0126185449-0304,1,1197.0
Instax Shop,FBO,69144199-0031-1,delivered,2026-08-06T07:23:46.455099Z,69144199-0031,1,977.0
Instax Shop,FBO,56363989-0036-1,delivered,2026-08-06T07:32:47.315059Z,56363989-0036,1,1097.0
Instax Shop,FBO,47873334-0082-1,delivered,2026-08-06T07:59:12.362864Z,47873334-0082,1,1096.0
Instax Shop,FBO,0160591927-0317-1,delivered,2026-08-06T08:20:45.481086Z,0160591927-0317,1,1097.0
Instax Shop,FBO,40978736-0710-1,delivered,2026-08-06T08:38:28.654899Z,40978736-0710,1,1197.0
Instax Shop,FBO,07703101-0830-1,delivered,2026-08-06T08:44:58.895423Z,07703101-0830,1,1197.0
Instax Shop,FBO,68665921-0503-3,delivered,2026-08-06T08:56:11.704422Z,68665921-0503,1,1197.0
Instax Shop,FBO,0151580152-0113-1,cancelled,2026-08-06T09:12:27.743743Z,0151580152-0113,1,777.0
Instax Shop,FBO,52747000-0231-7,delivered,2026-08-06T09:15:44.301136Z,52747000-0231,1,1197.0
Instax Shop,FBO,72427282-0062-2,delivered,2026-08-06T09:44:35.184989Z,72427282-0062,1,497.0
Instax Shop,FBO,91856330-0324-1,delivered,2026-08-06T09:48:07.480066Z,91856330-0324,1,497.0
Instax Shop,FBO,68929008-0775-2,delivered,2026-08-06T09:50:41.586650Z,68929008-0775,1,1197.0
Instax Shop,FBO,0110075845-0141-3,delivered,2026-08-06T10:09:24.592284Z,0110075845-0141,1,977.0
Instax Shop,FBO,0154796283-0039-1,delivered,2026-08-06T10:40:34.195549Z,0154796283-0039,1,1197.0
Instax Shop,FBO,55191982-0149-1,delivered,2026-08-06T10:47:45.904996Z,55191982-0149,1,1197.0
Instax Shop,FBO,60906075-0547-1,delivered,2026-08-06T10:58:23.221087Z,60906075-0547,1,1097.0
Instax Shop,FBO,41529505-0533-1,delivered,2026-08-06T11:21:11.376385Z,41529505-0533,1,1197.0
Instax Shop,FBO,44206890-0272-1,delivered,2026-08-06T11:28:25.882329Z,44206890-0272,1,1197.0
Instax Shop,FBO,84611967-0491-1,delivered,2026-08-06T11:31:36.198743Z,84611967-0491,1,497.0
Instax Shop,FBO,10375854-0221-1,delivered,2026-08-06T12:09:12.988660Z,10375854-0221,1,1097.0
Instax Shop,FBO,0130210623-0309-1,delivered,2026-08-06T12:20:40.677534Z,0130210623-0309,1,1097.0
Instax Shop,FBO,05710657-0375-2,delivered,2026-08-06T12:43:29.855263Z,05710657-0375,1,1197.0
Instax Shop,FBO,63777603-0339-1,delivered,2026-08-06T12:45:39.559273Z,63777603-0339,1,1077.0
Instax Shop,FBO,0182175945-0140-1,delivered,2026-08-06T12:46:52.759078Z,0182175945-0140,1,1197.0
Instax Shop,FBO,0183724937-0083-1,delivered,2026-08-06T12:54:25.734022Z,0183724937-0083,1,1197.0
Instax Shop,FBO,0147092039-0209-1,cancelled,2026-08-06T12:56:14.759268Z,0147092039-0209,1,497.0
Instax Shop,FBO,55097934-0591-2,cancelled,2026-08-06T13:01:10.720996Z,55097934-0591,1,1197.0
Instax Shop,FBO,04380144-0573-1,delivered,2026-08-06T13:30:08.953391Z,04380144-0573,1,1197.0
Instax Shop,FBO,0117943279-0190-2,delivered,2026-08-06T13:46:05.716519Z,0117943279-0190,1,497.0
Instax Shop,FBO,56705705-0307-2,cancelled,2026-08-06T13:49:38.299938Z,56705705-0307,1,1197.0
Instax Shop,FBO,0136264264-0139-5,delivered,2026-08-06T13:57:33.869911Z,0136264264-0139,1,1197.0
Instax Shop,FBO,0164270510-0054-1,cancelled,2026-08-06T14:02:33.091500Z,0164270510-0054,1,1197.0
Instax Shop,FBO,0170005100-0004-1,delivered,2026-08-06T15:11:13.518216Z,0170005100-0004,1,1097.0
Instax Shop,FBO,0150134345-0010-1,delivered,2026-08-06T15:13:17.637244Z,0150134345-0010,1,497.0
Instax Shop,FBO,0132638944-0037-1,delivered,2026-08-06T15:16:56.380926Z,0132638944-0037,1,1197.0
Instax Shop,FBO,0157774787-0127-1,delivered,2026-08-06T15:21:29.024367Z,0157774787-0127,1,1197.0
Instax Shop,FBO,0124065662-0064-1,delivered,2026-08-06T15:29:25.083307Z,0124065662-0064,1,1197.0
Instax Shop,FBO,0123814585-0159-1,delivered,2026-08-06T15:31:41.521176Z,0123814585-0159,1,777.0
Instax Shop,FBO,0224904190-0001-1,delivered,2026-08-06T15:31:52.198026Z,0224904190-0001,1,1197.0
Instax Shop,FBO,51502697-0324-1,delivered,2026-08-06T15:35:08.768385Z,51502697-0324,1,777.0
Instax Shop,FBO,58585397-0487-1,cancelled,2026-08-06T15:42:07.794344Z,58585397-0487,1,1077.0
Instax Shop,FBO,0100047140-0190-1,delivered,2026-08-06T15:57:02.982853Z,0100047140-0190,1,1197.0
Instax Shop,FBO,49175410-0535-2,delivered,2026-08-06T16:01:40.207344Z,49175410-0535,1,777.0
Instax Shop,FBO,0129921911-0657-1,delivered,2026-08-06T16:04:34.526137Z,0129921911-0657,1,1197.0
Instax Shop,FBO,52925627-0152-1,delivered,2026-08-06T16:22:09.632452Z,52925627-0152,1,497.0
Instax Shop,FBO,33894576-0066-1,delivered,2026-08-06T16:26:13.394082Z,33894576-0066,1,1097.0
Instax Shop,FBO,0158535600-0055-1,delivered,2026-08-06T16:26:34.946510Z,0158535600-0055,1,1097.0
Instax Shop,FBO,0124141186-0203-1,delivered,2026-08-06T16:34:36.003808Z,0124141186-0203,1,1197.0
Instax Shop,FBO,19899510-0145-1,delivered,2026-08-06T17:03:04.798330Z,19899510-0145,1,1097.0
Instax Shop,FBO,71871258-0139-1,delivered,2026-08-06T17:11:45.675444Z,71871258-0139,1,1097.0
Instax Shop,FBO,11280988-0859-1,cancelled,2026-08-06T17:51:17.125166Z,11280988-0859,1,777.0
Instax Shop,FBO,38981387-0421-3,delivered,2026-08-06T18:05:03.844863Z,38981387-0421,1,1097.0
Instax Shop,FBO,38346589-0182-1,delivered,2026-08-06T18:14:14.083117Z,38346589-0182,1,1197.0
Instax Shop,FBO,24933348-0163-1,delivered,2026-08-06T18:26:31.361745Z,24933348-0163,1,1197.0
Instax Shop,FBO,0202337484-0065-1,cancelled,2026-08-06T18:33:32.823137Z,0202337484-0065,1,1097.0
Instax Shop,FBO,10329588-0521-1,delivered,2026-08-06T18:47:53.443348Z,10329588-0521,1,497.0
Instax Shop,FBO,17930984-0900-1,delivered,2026-08-06T19:51:32.341954Z,17930984-0900,1,1097.0
Instax Shop,FBO,0127739577-0524-1,cancelled,2026-08-06T20:06:16.083086Z,0127739577-0524,1,1197.0
Instax Shop,FBO,38638305-0850-1,delivered,2026-08-06T20:06:41.317314Z,38638305-0850,1,1197.0
Instax Shop,FBO,83176672-0223-1,delivered,2026-08-06T20:54:29.700954Z,83176672-0223,1,1197.0
Instax Shop,FBO,0240101675-0040-1,delivered,2026-08-06T21:03:23.096893Z,0240101675-0040,1,1197.0
Instax Shop,FBO,14086900-0297-1,cancelled,2026-08-06T22:06:47.654639Z,14086900-0297,1,677.0
Instax Shop,FBO,14086900-0297-2,cancelled,2026-08-06T22:06:47.654639Z,14086900-0297,1,677.0
Instax Shop,FBO,10116777-0227-1,delivered,2026-08-06T22:39:42.428764Z,10116777-0227,1,1197.0
Instax Shop,FBO,0138238255-0186-1,delivered,2026-08-06T22:43:50.932705Z,0138238255-0186,1,1197.0
Instax Shop,FBO,34603963-0048-2,delivered,2026-08-06T22:45:12.052730Z,34603963-0048,1,1197.0
Instax Shop,FBO,0129811203-1015-1,cancelled,2026-08-06T23:53:56.956949Z,0129811203-1015,1,1197.0
Instax Shop,FBO,0103532435-0326-1,delivered,2026-08-07T01:11:30.714944Z,0103532435-0326,1,1197.0
Instax Shop,FBO,0198043999-0344-1,delivered,2026-08-07T01:13:33.549104Z,0198043999-0344,1,497.0
Instax Shop,FBO,0175783307-0058-1,delivered,2026-08-07T02:21:50.571260Z,0175783307-0058,1,777.0
Instax Shop,FBO,80964605-0102-1,delivered,2026-08-07T03:06:03.534922Z,80964605-0102,1,497.0
Instax Shop,FBO,0163999293-0489-1,delivered,2026-08-07T04:08:21.678128Z,0163999293-0489,1,497.0
Instax Shop,FBO,45349254-0327-1,delivered,2026-08-07T04:13:56.221134Z,45349254-0327,1,1197.0
Instax Shop,FBO,0123818891-0206-1,delivered,2026-08-07T04:38:10.863638Z,0123818891-0206,1,1197.0
Instax Shop,FBO,51949405-0065-1,delivered,2026-08-07T04:55:02.456124Z,51949405-0065,1,977.0
Instax Shop,FBO,65407403-0100-1,delivered,2026-08-07T05:45:44.341203Z,65407403-0100,1,1197.0
Instax Shop,FBO,0207432242-0027-2,delivered,2026-08-07T05:52:25.456658Z,0207432242-0027,1,1197.0
Instax Shop,FBO,0195820319-0052-1,delivered,2026-08-07T06:09:48.627034Z,0195820319-0052,1,1197.0
Instax Shop,FBO,66048589-0126-1,cancelled,2026-08-07T06:22:07.024119Z,66048589-0126,1,1097.0
Instax Shop,FBO,66048589-0126-3,delivered,2026-08-07T06:22:07.024119Z,66048589-0126,1,1097.0
Instax Shop,FBO,64002861-0414-1,delivered,2026-08-07T06:22:31.505593Z,64002861-0414,1,777.0
Instax Shop,FBO,46106048-0334-1,cancelled,2026-08-07T06:40:54.095101Z,46106048-0334,1,497.0
Instax Shop,FBO,46106048-0335-1,delivered,2026-08-07T06:42:24.122847Z,46106048-0335,1,497.0
Instax Shop,FBO,47605009-0619-1,cancelled,2026-08-07T07:03:59.907716Z,47605009-0619,1,1097.0
Instax Shop,FBO,30864448-0270-1,delivered,2026-08-07T07:04:26.452461Z,30864448-0270,1,1097.0
Instax Shop,FBO,23870976-0373-1,cancelled,2026-08-07T07:26:46.623387Z,23870976-0373,1,977.0
Instax Shop,FBO,61101025-0049-2,delivered,2026-08-07T07:30:54.133247Z,61101025-0049,1,1097.0
Instax Shop,FBO,79259466-0341-1,delivered,2026-08-07T07:35:41.250523Z,79259466-0341,1,1097.0
Instax Shop,FBO,36865451-0328-1,delivered,2026-08-07T07:52:24.834387Z,36865451-0328,1,1197.0
Instax Shop,FBO,0133953704-0099-1,cancelled,2026-08-07T08:04:27.485733Z,0133953704-0099,1,977.0
Instax Shop,FBO,77782129-0288-1,delivered,2026-08-07T08:06:55.498851Z,77782129-0288,1,1197.0
Instax Shop,FBO,69706509-0567-1,delivered,2026-08-07T08:12:54.943815Z,69706509-0567,1,1197.0
Instax Shop,FBO,0108284282-0486-1,delivered,2026-08-07T08:20:40.764891Z,0108284282-0486,1,1097.0
Instax Shop,FBO,04340346-0077-1,delivered,2026-08-07T08:20:51.628286Z,04340346-0077,1,1197.0
Instax Shop,FBO,48514701-0350-2,delivered,2026-08-07T08:46:42.408746Z,48514701-0350,1,1197.0
Instax Shop,FBO,13562273-0086-2,delivered,2026-08-07T08:48:58.709264Z,13562273-0086,1,1197.0
Instax Shop,FBO,84423557-0352-1,delivered,2026-08-07T08:58:06.375686Z,84423557-0352,1,1197.0
Instax Shop,FBO,32747057-0289-1,delivered,2026-08-07T09:32:55.693438Z,32747057-0289,1,1197.0
Instax Shop,FBO,48263397-0145-9,delivered,2026-08-07T09:51:40.027778Z,48263397-0145,1,977.0
Instax Shop,FBO,78406991-0030-1,cancelled,2026-08-07T09:53:25.912367Z,78406991-0030,1,497.0
Instax Shop,FBO,85794394-0006-1,delivered,2026-08-07T10:05:07.059786Z,85794394-0006,1,1197.0
Instax Shop,FBO,55743392-0262-1,delivered,2026-08-07T10:25:35.617554Z,55743392-0262,1,1097.0
Instax Shop,FBO,55743392-0262-2,cancelled,2026-08-07T10:25:35.617554Z,55743392-0262,1,1097.0
Instax Shop,FBO,0129787578-0027-1,delivered,2026-08-07T10:28:07.896109Z,0129787578-0027,1,1197.0
Instax Shop,FBO,0130895315-0233-1,delivered,2026-08-07T10:39:00.964055Z,0130895315-0233,1,1197.0
Instax Shop,FBO,0252460051-0005-1,delivered,2026-08-07T10:49:14.147549Z,0252460051-0005,1,1197.0
Instax Shop,FBO,86443213-0003-1,delivered,2026-08-07T11:09:44.405810Z,86443213-0003,1,497.0
Instax Shop,FBO,0139270578-0221-1,delivered,2026-08-07T11:15:14.544037Z,0139270578-0221,1,1197.0
Instax Shop,FBO,0152160129-0969-1,cancelled,2026-08-07T11:42:27.054492Z,0152160129-0969,1,1197.0
Instax Shop,FBO,71897649-0522-1,delivered,2026-08-07T12:47:27.113414Z,71897649-0522,1,1097.0
Instax Shop,FBO,26924187-0309-1,delivered,2026-08-07T13:33:48.463310Z,26924187-0309,1,1197.0
Instax Shop,FBO,37426840-0328-1,delivered,2026-08-07T13:36:59.180691Z,37426840-0328,1,1197.0
Instax Shop,FBO,68935765-0323-1,cancelled,2026-08-07T13:42:34.921265Z,68935765-0323,1,1197.0
Instax Shop,FBO,68935765-0323-3,delivered,2026-08-07T13:42:34.921265Z,68935765-0323,1,1197.0
Instax Shop,FBO,0209157566-0175-1,delivered,2026-08-07T14:40:32.945415Z,0209157566-0175,1,1197.0
Instax Shop,FBO,0102828613-0160-8,delivered,2026-08-07T14:42:15.416167Z,0102828613-0160,1,1197.0
Instax Shop,FBO,17634886-0751-2,delivered,2026-08-07T14:48:52.539169Z,17634886-0751,1,1097.0
Instax Shop,FBO,0193758290-0031-1,delivered,2026-08-07T15:25:42.827786Z,0193758290-0031,1,1197.0
Instax Shop,FBO,0137769020-0869-2,delivered,2026-08-07T15:36:55.025888Z,0137769020-0869,1,1197.0
Instax Shop,FBO,0266756445-0017-1,cancelled,2026-08-07T15:46:25.266903Z,0266756445-0017,1,1197.0
Instax Shop,FBO,72675371-0068-1,cancelled,2026-08-07T15:50:06.975054Z,72675371-0068,1,1197.0
Instax Shop,FBO,48740856-0105-1,delivered,2026-08-07T16:41:42.184471Z,48740856-0105,1,1197.0
Instax Shop,FBO,44813800-0321-1,cancelled,2026-08-07T16:49:19.243910Z,44813800-0321,1,1197.0
Instax Shop,FBO,06985369-0305-5,cancelled,2026-08-07T16:57:29.784470Z,06985369-0305,1,677.0
Instax Shop,FBO,70195842-0021-1,delivered,2026-08-07T17:00:57.906248Z,70195842-0021,1,497.0
Instax Shop,FBO,49007324-0432-1,cancelled,2026-08-07T17:38:23.441147Z,49007324-0432,1,1097.0
Instax Shop,FBO,35816481-0580-1,delivered,2026-08-07T17:54:28.568433Z,35816481-0580,1,1097.0
Instax Shop,FBO,0127706668-0361-1,delivered,2026-08-07T17:57:28.060228Z,0127706668-0361,1,1197.0
Instax Shop,FBO,59835318-0078-2,delivered,2026-08-07T18:15:56.495626Z,59835318-0078,1,1197.0
Instax Shop,FBO,39718237-0498-8,delivered,2026-08-07T18:31:07.746976Z,39718237-0498,1,1197.0
Instax Shop,FBO,10900011-0515-1,cancelled,2026-08-07T19:07:59.331051Z,10900011-0515,1,1197.0
Instax Shop,FBO,41577903-0508-1,delivered,2026-08-07T19:51:30.639286Z,41577903-0508,1,1097.0
Instax Shop,FBO,0206849235-0016-1,delivered,2026-08-07T19:55:06.329379Z,0206849235-0016,1,1197.0
Instax Shop,FBO,73459147-0816-1,delivered,2026-08-07T20:13:35.077113Z,73459147-0816,1,1097.0
Instax Shop,FBO,67629201-1392-5,cancelled,2026-08-07T21:32:41.089272Z,67629201-1392,1,1197.0
Instax Shop,FBO,40528268-0860-1,delivered,2026-08-07T21:53:05.625687Z,40528268-0860,1,1097.0
Instax Shop,FBO,0186231297-0047-1,delivered,2026-08-07T23:09:03.669954Z,0186231297-0047,1,497.0
Instax Shop,FBO,0136157757-0495-1,delivered,2026-08-08T04:10:07.946760Z,0136157757-0495,1,1197.0
Instax Shop,FBO,31037761-0276-1,delivered,2026-08-08T04:10:16.108351Z,31037761-0276,1,1197.0
Instax Shop,FBO,46858905-0217-1,delivered,2026-08-08T04:11:00.820462Z,46858905-0217,1,1197.0
Instax Shop,FBO,08309463-1221-1,delivered,2026-08-08T04:35:21.375584Z,08309463-1221,1,977.0
Instax Shop,FBO,51793649-0413-2,delivered,2026-08-08T04:55:32.106107Z,51793649-0413,1,1197.0
Instax Shop,FBO,83081416-0166-1,delivered,2026-08-08T05:45:19.428084Z,83081416-0166,1,497.0
Instax Shop,FBO,89534199-0159-1,cancelled,2026-08-08T05:46:56.853918Z,89534199-0159,1,497.0
Instax Shop,FBO,02319048-0455-4,cancelled,2026-08-08T05:57:26.391186Z,02319048-0455,1,1197.0
Instax Shop,FBO,55557974-0139-1,delivered,2026-08-08T06:24:41.791413Z,55557974-0139,1,1197.0
Instax Shop,FBO,0259257074-0003-1,delivered,2026-08-08T06:26:37.690696Z,0259257074-0003,1,1097.0
Instax Shop,FBO,0135688608-0038-2,delivered,2026-08-08T06:31:34.464405Z,0135688608-0038,1,1197.0
Instax Shop,FBO,10244364-0062-1,delivered,2026-08-08T06:31:47.039206Z,10244364-0062,1,1097.0
Instax Shop,FBO,55183096-0193-1,cancelled,2026-08-08T06:41:40.157486Z,55183096-0193,1,1097.0
Instax Shop,FBO,03298919-0303-1,cancelled,2026-08-08T06:44:19.091522Z,03298919-0303,1,497.0
Instax Shop,FBO,0148451636-0079-1,delivered,2026-08-08T08:20:22.854457Z,0148451636-0079,1,677.0
Instax Shop,FBO,44524854-0055-1,cancelled,2026-08-08T09:06:42.234825Z,44524854-0055,1,1197.0
Instax Shop,FBO,94988279-0892-1,cancelled,2026-08-08T09:25:09.644173Z,94988279-0892,1,1197.0
Instax Shop,FBO,26537043-0131-1,delivered,2026-08-08T09:42:16.247096Z,26537043-0131,1,1197.0
Instax Shop,FBO,0112202933-0013-1,delivered,2026-08-08T09:50:03.182747Z,0112202933-0013,1,497.0
Instax Shop,FBO,02287007-0080-1,delivered,2026-08-08T09:50:55.909084Z,02287007-0080,1,1197.0
Instax Shop,FBO,47249228-0011-1,delivered,2026-08-08T09:57:10.162408Z,47249228-0011,1,497.0
Instax Shop,FBO,0198716298-0055-1,delivered,2026-08-08T10:00:07.226432Z,0198716298-0055,1,1097.0
Instax Shop,FBO,0139044642-0070-1,delivered,2026-08-08T10:15:47.178481Z,0139044642-0070,1,1097.0
Instax Shop,FBO,42827585-0452-1,cancelled,2026-08-08T10:20:50.717404Z,42827585-0452,1,947.0
Instax Shop,FBO,0259450669-0011-1,delivered,2026-08-08T10:46:20.418976Z,0259450669-0011,1,777.0
Instax Shop,FBO,13088495-1230-1,delivered,2026-08-08T10:48:48.195295Z,13088495-1230,1,1197.0
Instax Shop,FBO,35864526-0160-3,delivered,2026-08-08T10:59:56.285704Z,35864526-0160,1,497.0
Instax Shop,FBO,74950971-0315-1,delivered,2026-08-08T11:00:00.314512Z,74950971-0315,1,1197.0
Instax Shop,FBO,50318480-0326-1,delivered,2026-08-08T11:22:53.792644Z,50318480-0326,1,497.0
Instax Shop,FBO,66838918-0186-1,delivered,2026-08-08T11:26:19.654620Z,66838918-0186,1,1197.0
Instax Shop,FBO,07642683-0211-2,delivered,2026-08-08T12:00:02.544921Z,07642683-0211,1,1197.0
Instax Shop,FBO,60891157-0178-1,cancelled,2026-08-08T12:03:31.273997Z,60891157-0178,1,1197.0
Instax Shop,FBO,33111637-0109-1,delivered,2026-08-08T12:12:55.727660Z,33111637-0109,1,777.0
Instax Shop,FBO,0128756867-0238-1,delivered,2026-08-08T12:16:11.076898Z,0128756867-0238,1,977.0
Instax Shop,FBO,0105714421-0052-4,delivered,2026-08-08T12:17:07.891088Z,0105714421-0052,1,1197.0
Instax Shop,FBO,0145610309-0304-1,delivered,2026-08-08T12:22:02.846210Z,0145610309-0304,1,1197.0
Instax Shop,FBO,28368353-0913-1,delivered,2026-08-08T12:47:21.583358Z,28368353-0913,1,497.0
Instax Shop,FBO,75545402-0748-1,delivered,2026-08-08T13:15:18.723094Z,75545402-0748,1,977.0
Instax Shop,FBO,0182703052-0012-13,delivered,2026-08-08T13:41:35.629530Z,0182703052-0012,1,1197.0
Instax Shop,FBO,78259993-0571-1,delivered,2026-08-08T13:58:15.135811Z,78259993-0571,1,497.0
Instax Shop,FBO,56473364-0263-1,delivered,2026-08-08T14:27:37.380940Z,56473364-0263,1,1197.0
Instax Shop,FBO,0123574785-0455-1,delivered,2026-08-08T14:54:09.814114Z,0123574785-0455,1,497.0
Instax Shop,FBO,0128409633-0138-2,delivered,2026-08-08T15:10:00.490125Z,0128409633-0138,1,977.0
Instax Shop,FBO,0102398348-0070-1,delivered,2026-08-08T15:31:17.703753Z,0102398348-0070,1,1197.0
Instax Shop,FBO,0172927960-0077-7,cancelled,2026-08-08T15:46:58.052843Z,0172927960-0077,1,1097.0
Instax Shop,FBO,50648968-0195-1,delivered,2026-08-08T16:14:46.368820Z,50648968-0195,1,1097.0
Instax Shop,FBO,14484525-0326-1,cancelled,2026-08-08T16:51:42.538682Z,14484525-0326,1,1097.0
Instax Shop,FBO,52839959-0702-2,delivered,2026-08-08T16:56:08.291122Z,52839959-0702,1,1197.0
Instax Shop,FBO,88506968-0436-1,delivered,2026-08-08T18:21:25.598743Z,88506968-0436,1,497.0
Instax Shop,FBO,76920937-0733-1,delivered,2026-08-08T18:34:07.169734Z,76920937-0733,1,1097.0
Instax Shop,FBO,84101953-0212-1,delivered,2026-08-08T19:05:54.420587Z,84101953-0212,1,1197.0
Instax Shop,FBO,30332520-0748-1,delivered,2026-08-08T19:31:18.432517Z,30332520-0748,1,1197.0
Instax Shop,FBO,69447654-0027-1,delivered,2026-08-08T19:34:38.110007Z,69447654-0027,1,1097.0
Instax Shop,FBO,31709801-0312-1,delivered,2026-08-08T19:35:30.677622Z,31709801-0312,1,1197.0
Instax Shop,FBO,0152171059-0020-4,delivered,2026-08-08T19:41:39.587312Z,0152171059-0020,1,1197.0
Instax Shop,FBO,83966541-0008-1,delivered,2026-08-08T20:00:12.761496Z,83966541-0008,1,1097.0
Instax Shop,FBO,14311038-0480-1,delivered,2026-08-08T20:02:54.631117Z,14311038-0480,1,1197.0
Instax Shop,FBO,0124815437-0050-1,delivered,2026-08-08T20:40:28.075644Z,0124815437-0050,1,1197.0
Instax Shop,FBO,0209173790-0044-1,cancelled,2026-08-08T20:41:23.972956Z,0209173790-0044,1,497.0
Instax Shop,FBO,85190161-0362-1,delivered,2026-08-08T21:04:17.160673Z,85190161-0362,1,1197.0
Instax Shop,FBO,0260709597-0018-3,delivered,2026-08-08T21:08:39.295554Z,0260709597-0018,1,1197.0
Instax Shop,FBO,0243781126-16114-1,delivered,2026-08-08T21:46:41.570373Z,0243781126-16114,1,1197.0
Instax Shop,FBO,0105040617-0008-1,delivered,2026-08-09T02:24:15.468699Z,0105040617-0008,1,497.0
Instax Shop,FBO,0126786707-0323-1,cancelled,2026-08-09T03:03:39.610286Z,0126786707-0323,1,777.0
Instax Shop,FBO,0230269883-0096-2,delivered,2026-08-09T04:11:11.759876Z,0230269883-0096,1,1097.0
Instax Shop,FBO,08861684-0263-1,cancelled,2026-08-09T04:59:02.604942Z,08861684-0263,1,1097.0
Instax Shop,FBO,49340745-0412-1,delivered,2026-08-09T05:17:04.474631Z,49340745-0412,1,1097.0
Instax Shop,FBO,0164270510-0055-1,delivered,2026-08-09T05:32:49.075921Z,0164270510-0055,1,1197.0
Instax Shop,FBO,0127579899-0144-1,cancelled,2026-08-09T05:35:22.472863Z,0127579899-0144,1,1197.0
Instax Shop,FBO,0145002298-0067-1,delivered,2026-08-09T05:36:01.202279Z,0145002298-0067,1,497.0
Instax Shop,FBO,56267626-0058-5,cancelled,2026-08-09T05:49:01.130582Z,56267626-0058,1,1197.0
Instax Shop,FBO,0235912533-0004-1,delivered,2026-08-09T05:59:14.842387Z,0235912533-0004,1,1097.0
Instax Shop,FBO,24143714-1157-1,delivered,2026-08-09T06:04:10.666581Z,24143714-1157,1,1197.0
Instax Shop,FBO,03383653-0372-1,delivered,2026-08-09T06:22:15.526058Z,03383653-0372,1,1097.0
Instax Shop,FBO,60772529-0153-1,delivered,2026-08-09T06:30:56.773069Z,60772529-0153,1,1097.0
Instax Shop,FBO,60772529-0154-1,delivered,2026-08-09T06:32:10.717663Z,60772529-0154,1,1197.0
Instax Shop,FBO,0125293669-0104-1,delivered,2026-08-09T06:37:37.921349Z,0125293669-0104,1,1197.0
Instax Shop,FBO,0125290771-0411-1,cancelled,2026-08-09T06:51:02.079860Z,0125290771-0411,1,497.0
Instax Shop,FBO,0250406790-0005-1,delivered,2026-08-09T06:57:37.737046Z,0250406790-0005,1,777.0
Instax Shop,FBO,0114304255-0243-1,delivered,2026-08-09T06:57:40.644685Z,0114304255-0243,1,1097.0
Instax Shop,FBO,65124432-0183-3,delivered,2026-08-09T07:06:05.277484Z,65124432-0183,1,1197.0
Instax Shop,FBO,40577142-0354-1,delivered,2026-08-09T07:34:42.758946Z,40577142-0354,1,1197.0
Instax Shop,FBO,39074902-0131-1,delivered,2026-08-09T07:51:54.855031Z,39074902-0131,1,1097.0
Instax Shop,FBO,88724171-0302-1,delivered,2026-08-09T08:12:23.162941Z,88724171-0302,1,1197.0
Instax Shop,FBO,46745846-0062-1,cancelled,2026-08-09T08:13:53.373685Z,46745846-0062,1,1097.0
Instax Shop,FBO,35261682-0289-1,cancelled,2026-08-09T08:20:33.887731Z,35261682-0289,1,1097.0
Instax Shop,FBO,85881210-0460-1,delivered,2026-08-09T08:33:45.829017Z,85881210-0460,1,1097.0
Instax Shop,FBO,50277409-0023-1,delivered,2026-08-09T08:52:45.602506Z,50277409-0023,1,1197.0
Instax Shop,FBO,41705260-0125-1,delivered,2026-08-09T09:08:52.057906Z,41705260-0125,1,497.0
Instax Shop,FBO,0199783115-0098-1,delivered,2026-08-09T09:29:08.808604Z,0199783115-0098,1,1197.0
Instax Shop,FBO,69144154-0035-1,delivered,2026-08-09T09:31:53.546194Z,69144154-0035,1,1197.0
Instax Shop,FBO,77379842-0531-1,delivered,2026-08-09T09:44:01.404337Z,77379842-0531,1,1197.0
Instax Shop,FBO,83877405-0040-1,delivered,2026-08-09T10:10:09.278800Z,83877405-0040,1,497.0
Instax Shop,FBO,62424165-0244-1,cancelled,2026-08-09T10:15:33.888455Z,62424165-0244,1,1197.0
Instax Shop,FBO,99021440-0056-2,delivered,2026-08-09T10:16:59.130319Z,99021440-0056,1,1197.0
Instax Shop,FBO,73632740-0047-3,delivered,2026-08-09T10:22:03.703443Z,73632740-0047,1,1197.0
Instax Shop,FBO,23727375-0479-11,delivered,2026-08-09T10:26:22.437732Z,23727375-0479,1,1097.0
Instax Shop,FBO,0141824591-0205-1,delivered,2026-08-09T11:02:45.683245Z,0141824591-0205,1,1197.0
Instax Shop,FBO,0138044839-0088-1,delivered,2026-08-09T11:04:16.728982Z,0138044839-0088,1,777.0
Instax Shop,FBO,42290920-0112-1,delivered,2026-08-09T11:39:09.551526Z,42290920-0112,1,777.0
Instax Shop,FBO,72432002-0218-1,delivered,2026-08-09T11:40:04.821976Z,72432002-0218,1,1097.0
Instax Shop,FBO,65876808-0759-1,delivered,2026-08-09T11:47:22.460469Z,65876808-0759,1,1097.0
Instax Shop,FBO,0179037979-0135-1,delivered,2026-08-09T11:54:53.741991Z,0179037979-0135,1,1197.0
Instax Shop,FBO,0135812447-0216-1,delivered,2026-08-09T11:56:44.907613Z,0135812447-0216,1,497.0
Instax Shop,FBO,26624284-0345-1,delivered,2026-08-09T12:28:56.323984Z,26624284-0345,1,497.0
Instax Shop,FBO,0194177070-0018-1,delivered,2026-08-09T12:30:47.778354Z,0194177070-0018,1,777.0
Instax Shop,FBO,29757485-0210-2,delivered,2026-08-09T12:34:56.700490Z,29757485-0210,1,977.0
Instax Shop,FBO,0194177070-0019-1,cancelled,2026-08-09T12:36:49.044697Z,0194177070-0019,1,777.0
Instax Shop,FBO,0129538495-0174-1,delivered,2026-08-09T12:39:18.324972Z,0129538495-0174,1,1197.0
Instax Shop,FBO,28900471-1011-1,delivered,2026-08-09T12:47:50.963134Z,28900471-1011,1,1097.0
Instax Shop,FBO,0250753622-0025-1,delivered,2026-08-09T13:16:55.325700Z,0250753622-0025,1,1197.0
Instax Shop,FBO,55561571-0040-1,delivered,2026-08-09T13:52:47.880327Z,55561571-0040,1,1197.0
Instax Shop,FBO,0125475795-0199-1,cancelled,2026-08-09T13:53:26.223052Z,0125475795-0199,1,1197.0
Instax Shop,FBO,46932766-0889-3,delivered,2026-08-09T14:00:34.460491Z,46932766-0889,1,1097.0
Instax Shop,FBO,46932766-0889-4,delivered,2026-08-09T14:00:34.460491Z,46932766-0889,1,1197.0
Instax Shop,FBO,0163543408-0087-1,delivered,2026-08-09T14:11:01.634517Z,0163543408-0087,1,497.0
Instax Shop,FBO,09136333-0164-1,delivered,2026-08-09T14:11:57.271746Z,09136333-0164,1,677.0
Instax Shop,FBO,0174799394-0067-3,delivered,2026-08-09T14:46:07.052833Z,0174799394-0067,1,497.0
Instax Shop,FBO,0225208313-0027-1,delivered,2026-08-09T15:20:21.315643Z,0225208313-0027,1,1197.0
Instax Shop,FBO,44971603-0860-1,delivered,2026-08-09T15:26:33.014285Z,44971603-0860,1,1197.0
Instax Shop,FBO,34705085-0187-1,delivered,2026-08-09T15:41:49.469545Z,34705085-0187,1,1097.0
Instax Shop,FBO,36955129-0884-1,delivered,2026-08-09T15:43:33.121676Z,36955129-0884,1,1197.0
Instax Shop,FBO,0209157566-0176-1,delivered,2026-08-09T15:55:47.473461Z,0209157566-0176,1,1197.0
Instax Shop,FBO,09648697-0827-3,delivered,2026-08-09T16:05:31.869723Z,09648697-0827,1,1197.0
Instax Shop,FBO,0210461943-0167-1,delivered,2026-08-09T16:42:08.775627Z,0210461943-0167,1,1197.0
Instax Shop,FBO,0100762476-0122-1,delivered,2026-08-09T17:44:09.759709Z,0100762476-0122,1,1197.0
Instax Shop,FBO,93823339-0140-1,delivered,2026-08-09T18:05:14.999946Z,93823339-0140,1,1097.0
Instax Shop,FBO,55785322-0269-1,cancelled,2026-08-09T18:27:51.236609Z,55785322-0269,1,1097.0
Instax Shop,FBO,52311692-0306-2,delivered,2026-08-09T19:37:52.934989Z,52311692-0306,1,1097.0
Instax Shop,FBO,02055078-0173-1,delivered,2026-08-09T20:47:12.362962Z,02055078-0173,1,1197.0
Instax Shop,FBO,66936166-0020-1,delivered,2026-08-09T21:22:52.530721Z,66936166-0020,1,1197.0
Instax Shop,FBO,0133107045-2290-1,cancelled,2026-08-09T21:39:08.010549Z,0133107045-2290,1,1197.0
Instax Shop,FBO,0183219472-0027-1,delivered,2026-08-09T22:17:48.013636Z,0183219472-0027,1,1197.0
Instax Shop,FBO,69857816-1286-1,delivered,2026-08-09T22:36:21.099128Z,69857816-1286,1,1197.0
Instax Shop,FBO,43445530-0401-1,delivered,2026-08-10T02:09:35.227822Z,43445530-0401,1,1197.0
Instax Shop,FBO,02099170-1722-1,cancelled,2026-08-10T02:18:33.878765Z,02099170-1722,1,1197.0
Instax Shop,FBO,02099170-1722-3,delivered,2026-08-10T02:18:33.878765Z,02099170-1722,1,1197.0
Instax Shop,FBO,72421494-0103-1,delivered,2026-08-10T02:20:07.524431Z,72421494-0103,1,1197.0
Instax Shop,FBO,26126683-0453-1,delivered,2026-08-10T02:21:46.402919Z,26126683-0453,1,1197.0
Instax Shop,FBO,44439106-0250-1,delivered,2026-08-10T02:25:03.383428Z,44439106-0250,1,1197.0
Instax Shop,FBO,87725099-0132-1,delivered,2026-08-10T03:02:14.933665Z,87725099-0132,1,1097.0
Instax Shop,FBO,80969895-0144-1,delivered,2026-08-10T03:33:46.624450Z,80969895-0144,1,1197.0
Instax Shop,FBO,71144555-0211-1,delivered,2026-08-10T03:38:17.642956Z,71144555-0211,1,497.0
Instax Shop,FBO,0232328783-0063-3,delivered,2026-08-10T03:42:30.899614Z,0232328783-0063,1,1197.0
Instax Shop,FBO,48659957-0327-1,delivered,2026-08-10T03:58:33.935099Z,48659957-0327,1,777.0
Instax Shop,FBO,0130917214-0244-1,delivered,2026-08-10T04:03:40.307494Z,0130917214-0244,1,777.0
Instax Shop,FBO,0160972714-0040-1,delivered,2026-08-10T04:28:38.341161Z,0160972714-0040,1,1097.0
Instax Shop,FBO,39986385-0117-1,delivered,2026-08-10T04:55:12.465696Z,39986385-0117,1,1097.0
Instax Shop,FBO,09707788-0321-1,delivered,2026-08-10T05:07:55.827695Z,09707788-0321,1,1097.0
Instax Shop,FBO,55980133-0522-1,delivered,2026-08-10T05:08:53.512764Z,55980133-0522,1,497.0
Instax Shop,FBO,28636706-0314-1,delivered,2026-08-10T05:18:02.008203Z,28636706-0314,1,1197.0
Instax Shop,FBO,29166617-0291-1,delivered,2026-08-10T05:30:26.731907Z,29166617-0291,1,497.0
Instax Shop,FBO,15625781-0111-1,delivered,2026-08-10T05:34:55.837739Z,15625781-0111,1,497.0
Instax Shop,FBO,0145927947-0135-1,delivered,2026-08-10T05:41:09.395651Z,0145927947-0135,1,1197.0
Instax Shop,FBO,56609522-0160-1,cancelled,2026-08-10T06:16:34.731457Z,56609522-0160,1,677.0
Instax Shop,FBO,24863484-0355-1,delivered,2026-08-10T06:21:14.336005Z,24863484-0355,1,947.0
Instax Shop,FBO,0207558287-0116-1,delivered,2026-08-10T06:45:08.863808Z,0207558287-0116,1,1077.0
Instax Shop,FBO,0218091984-0019-1,delivered,2026-08-10T07:37:57.451702Z,0218091984-0019,1,677.0
Instax Shop,FBO,58472019-0222-1,delivered,2026-08-10T07:53:54.958552Z,58472019-0222,1,977.0
Instax Shop,FBO,04340346-0078-2,delivered,2026-08-10T07:56:40.162472Z,04340346-0078,1,1197.0
Instax Shop,FBO,21858789-0201-1,delivered,2026-08-10T07:57:04.903790Z,21858789-0201,1,1097.0
Instax Shop,FBO,16624249-0328-2,delivered,2026-08-10T07:58:21.373075Z,16624249-0328,1,977.0
Instax Shop,FBO,29891615-0920-2,delivered,2026-08-10T08:23:49.136139Z,29891615-0920,1,1197.0
Instax Shop,FBO,91190492-0113-1,delivered,2026-08-10T08:32:36.541911Z,91190492-0113,1,947.0
Instax Shop,FBO,32362020-1025-1,delivered,2026-08-10T08:33:56.466771Z,32362020-1025,1,497.0
Instax Shop,FBO,75912309-0129-1,delivered,2026-08-10T08:41:13.475707Z,75912309-0129,1,497.0
Instax Shop,FBO,99273464-0375-1,delivered,2026-08-10T09:09:46.861461Z,99273464-0375,1,497.0
Instax Shop,FBO,45333412-0429-1,delivered,2026-08-10T09:14:14.105040Z,45333412-0429,1,1197.0
Instax Shop,FBO,51372353-0082-1,delivered,2026-08-10T09:50:16.421270Z,51372353-0082,1,1197.0
Instax Shop,FBO,44574518-0026-3,delivered,2026-08-10T09:54:25.697682Z,44574518-0026,1,1097.0
Instax Shop,FBO,0126107847-0122-1,delivered,2026-08-10T09:58:30.656584Z,0126107847-0122,1,1097.0
Instax Shop,FBO,73897523-0124-1,delivered,2026-08-10T10:19:45.509570Z,73897523-0124,1,497.0
Instax Shop,FBO,0154129389-0129-1,delivered,2026-08-10T10:20:44.931586Z,0154129389-0129,1,947.0
Instax Shop,FBO,59793114-0110-2,delivered,2026-08-10T10:21:22.989855Z,59793114-0110,1,1197.0
Instax Shop,FBO,57297592-0189-1,delivered,2026-08-10T10:24:52.256557Z,57297592-0189,1,777.0
Instax Shop,FBO,49874634-0171-1,delivered,2026-08-10T10:57:50.306474Z,49874634-0171,1,777.0
Instax Shop,FBO,42296276-0086-1,delivered,2026-08-10T11:02:14.905101Z,42296276-0086,1,1197.0
Instax Shop,FBO,0235877049-0031-1,delivered,2026-08-10T11:20:10.769930Z,0235877049-0031,1,1197.0
Instax Shop,FBO,0247755858-0006-1,delivered,2026-08-10T11:33:31.554765Z,0247755858-0006,1,1197.0
Instax Shop,FBO,61132075-0005-1,delivered,2026-08-10T11:36:53.289510Z,61132075-0005,1,1197.0
Instax Shop,FBO,31321772-0572-1,delivered,2026-08-10T11:43:04.388472Z,31321772-0572,1,547.0
Instax Shop,FBO,0172689162-0212-1,cancelled,2026-08-10T12:27:47.601579Z,0172689162-0212,1,1197.0
Instax Shop,FBO,0181030528-0399-1,cancelled,2026-08-10T12:52:39.040530Z,0181030528-0399,1,1097.0
Instax Shop,FBO,56394874-0082-1,delivered,2026-08-10T13:06:18.756482Z,56394874-0082,1,677.0
Instax Shop,FBO,38531315-0178-2,delivered,2026-08-10T13:07:07.084347Z,38531315-0178,1,1197.0
Instax Shop,FBO,0165980124-0035-1,delivered,2026-08-10T13:12:14.998679Z,0165980124-0035,1,977.0
Instax Shop,FBO,0193569284-0124-1,cancelled,2026-08-10T13:39:00.644667Z,0193569284-0124,1,1197.0
Instax Shop,FBO,0136358126-0085-1,delivered,2026-08-10T13:40:45.354214Z,0136358126-0085,1,1097.0
Instax Shop,FBO,91856330-0325-1,delivered,2026-08-10T14:10:40.203216Z,91856330-0325,1,497.0
Instax Shop,FBO,36831644-0381-2,delivered,2026-08-10T15:07:19.609787Z,36831644-0381,1,1097.0
Instax Shop,FBO,10808306-0837-1,delivered,2026-08-10T15:35:39.127649Z,10808306-0837,1,1097.0
Instax Shop,FBO,0267802947-0002-1,delivered,2026-08-10T15:37:44.036510Z,0267802947-0002,1,1097.0
Instax Shop,FBO,71120828-0350-1,delivered,2026-08-10T15:46:27.143137Z,71120828-0350,1,1197.0
Instax Shop,FBO,14006339-0239-1,cancelled,2026-08-10T16:18:00.642510Z,14006339-0239,1,1197.0
Instax Shop,FBO,38068000-0461-1,delivered,2026-08-10T16:25:46.168182Z,38068000-0461,1,1097.0
Instax Shop,FBO,36148033-0344-1,delivered,2026-08-10T16:40:02.491939Z,36148033-0344,1,1097.0
Instax Shop,FBO,51340969-0289-1,delivered,2026-08-10T16:55:06.022246Z,51340969-0289,1,1197.0
Instax Shop,FBO,0150003676-0005-1,delivered,2026-08-10T16:55:20.345084Z,0150003676-0005,1,497.0
Instax Shop,FBO,53046067-0520-2,delivered,2026-08-10T17:00:32.808161Z,53046067-0520,1,1097.0
Instax Shop,FBO,83667652-0316-1,cancelled,2026-08-10T17:26:18.933882Z,83667652-0316,1,1197.0
Instax Shop,FBO,59143446-0112-3,delivered,2026-08-10T17:48:27.300418Z,59143446-0112,1,497.0
Instax Shop,FBO,59143446-0112-5,delivered,2026-08-10T17:48:27.300418Z,59143446-0112,1,497.0
Instax Shop,FBO,17836739-1078-1,delivered,2026-08-10T17:51:23.760097Z,17836739-1078,1,1197.0
Instax Shop,FBO,0149154235-0159-2,delivered,2026-08-10T18:03:10.353202Z,0149154235-0159,1,497.0
Instax Shop,FBO,17440935-0070-1,delivered,2026-08-10T18:15:27.970094Z,17440935-0070,1,497.0
Instax Shop,FBO,83572754-0238-1,delivered,2026-08-10T18:36:16.277003Z,83572754-0238,1,1197.0
Instax Shop,FBO,56696962-0012-2,delivered,2026-08-10T19:07:37.100426Z,56696962-0012,1,1197.0
Instax Shop,FBO,0185589748-0102-1,cancelled,2026-08-10T19:10:12.781007Z,0185589748-0102,1,1197.0
Instax Shop,FBO,0112604356-0059-1,delivered,2026-08-10T19:21:24.215706Z,0112604356-0059,1,1097.0
Instax Shop,FBO,0125893909-0575-1,delivered,2026-08-10T20:58:04.142801Z,0125893909-0575,1,1197.0
Instax Shop,FBO,89485614-0133-1,delivered,2026-08-10T21:16:46.543099Z,89485614-0133,1,1197.0
Instax Shop,FBO,0129056459-0152-4,delivered,2026-08-10T21:52:03.145590Z,0129056459-0152,1,1197.0
Instax Shop,FBO,0126682550-0075-1,delivered,2026-08-10T22:03:27.093778Z,0126682550-0075,1,1197.0
Instax Shop,FBO,0132181296-0012-1,cancelled,2026-08-10T22:10:53.918369Z,0132181296-0012,1,1197.0
Instax Shop,FBO,0132181296-0013-1,delivered,2026-08-10T22:13:02.867105Z,0132181296-0013,1,1197.0
Instax Shop,FBO,0161300136-0170-7,delivered,2026-08-10T23:41:53.523092Z,0161300136-0170,1,497.0
Instax Shop,FBO,85489344-0223-1,cancelled,2026-08-11T01:12:50.021374Z,85489344-0223,1,1197.0
Instax Shop,FBO,49005566-0220-1,delivered,2026-08-11T02:21:13.683464Z,49005566-0220,1,497.0
Instax Shop,FBO,49005566-0220-3,delivered,2026-08-11T02:21:13.683464Z,49005566-0220,1,497.0
Instax Shop,FBO,0190204201-0109-1,delivered,2026-08-11T03:26:45.778499Z,0190204201-0109,1,1097.0
Instax Shop,FBO,0267416697-0004-1,delivered,2026-08-11T03:36:55.196112Z,0267416697-0004,1,497.0
Instax Shop,FBO,60647965-0155-1,cancelled,2026-08-11T03:42:14.332800Z,60647965-0155,1,1197.0
Instax Shop,FBO,0209445392-0191-1,delivered,2026-08-11T03:59:28.242920Z,0209445392-0191,1,1197.0
Instax Shop,FBO,43345136-0121-1,delivered,2026-08-11T04:41:57.071849Z,43345136-0121,1,1197.0
Instax Shop,FBO,37306880-0376-2,delivered,2026-08-11T05:12:51.992721Z,37306880-0376,1,1097.0
Instax Shop,FBO,0203177919-0073-1,delivered,2026-08-11T05:18:47.970239Z,0203177919-0073,1,1197.0
Instax Shop,FBO,06187855-0064-1,cancelled,2026-08-11T05:24:18.640622Z,06187855-0064,1,497.0
Instax Shop,FBO,78785854-0052-15,cancelled,2026-08-11T05:39:13.712239Z,78785854-0052,1,497.0
Instax Shop,FBO,98733194-0280-1,delivered,2026-08-11T05:44:35.114935Z,98733194-0280,1,1197.0
Instax Shop,FBO,98733194-0280-2,delivered,2026-08-11T05:44:35.114935Z,98733194-0280,1,1197.0
Instax Shop,FBO,59298703-1624-1,delivered,2026-08-11T05:47:07.870795Z,59298703-1624,1,497.0
Instax Shop,FBO,0150000593-0115-1,delivered,2026-08-11T05:54:41.197721Z,0150000593-0115,1,1197.0
Instax Shop,FBO,0127669748-0144-1,delivered,2026-08-11T06:34:01.105232Z,0127669748-0144,1,1197.0
Instax Shop,FBO,0187948478-0219-1,delivered,2026-08-11T06:36:30.609472Z,0187948478-0219,1,977.0
Instax Shop,FBO,79979281-0256-1,delivered,2026-08-11T06:49:42.775414Z,79979281-0256,1,497.0
Instax Shop,FBO,0157608802-0201-1,cancelled,2026-08-11T07:03:11.301861Z,0157608802-0201,1,1197.0
Instax Shop,FBO,58839380-0184-1,cancelled,2026-08-11T07:04:02.534362Z,58839380-0184,1,947.0
Instax Shop,FBO,93844568-0337-1,cancelled,2026-08-11T07:16:57.518024Z,93844568-0337,1,1197.0
Instax Shop,FBO,89710626-0065-3,delivered,2026-08-11T07:21:34.002944Z,89710626-0065,1,1097.0
Instax Shop,FBO,03117228-0170-1,cancelled,2026-08-11T07:23:59.726170Z,03117228-0170,1,1097.0
Instax Shop,FBO,0222445706-0068-1,delivered,2026-08-11T07:32:28.624482Z,0222445706-0068,1,497.0
Instax Shop,FBO,0136196270-0244-1,delivered,2026-08-11T07:47:18.029616Z,0136196270-0244,1,1197.0
Instax Shop,FBO,43144822-0172-2,delivered,2026-08-11T07:56:30.012785Z,43144822-0172,1,1097.0
Instax Shop,FBO,72389642-3002-1,cancelled,2026-08-11T08:19:36.905956Z,72389642-3002,1,1197.0
Instax Shop,FBO,21716521-0318-1,delivered,2026-08-11T08:22:29.438067Z,21716521-0318,1,1197.0
Instax Shop,FBO,0135650248-0052-1,cancelled,2026-08-11T08:23:44.697058Z,0135650248-0052,1,1197.0
Instax Shop,FBO,0184828570-0085-1,cancelled,2026-08-11T08:38:48.151246Z,0184828570-0085,1,1197.0
Instax Shop,FBO,68009347-0368-1,cancelled,2026-08-11T08:39:19.714752Z,68009347-0368,1,1197.0
Instax Shop,FBO,09253334-0453-1,delivered,2026-08-11T08:41:14.233775Z,09253334-0453,1,1197.0
Instax Shop,FBO,01864525-0708-3,delivered,2026-08-11T09:00:19.108494Z,01864525-0708,1,1197.0
Instax Shop,FBO,0245485138-0092-1,delivered,2026-08-11T09:43:19.188354Z,0245485138-0092,1,1097.0
Instax Shop,FBO,0245485138-0093-1,delivered,2026-08-11T09:43:45.835077Z,0245485138-0093,1,1197.0
Instax Shop,FBO,71064339-0053-2,delivered,2026-08-11T09:46:33.668420Z,71064339-0053,1,1197.0
Instax Shop,FBO,45439672-0092-2,delivered,2026-08-11T09:54:59.929049Z,45439672-0092,1,1197.0
Instax Shop,FBO,93518210-0142-2,delivered,2026-08-11T09:55:27.648534Z,93518210-0142,1,777.0
Instax Shop,FBO,65688898-0155-1,delivered,2026-08-11T10:03:10.160972Z,65688898-0155,1,1197.0
Instax Shop,FBO,39367016-0142-1,delivered,2026-08-11T10:09:36.055208Z,39367016-0142,1,497.0
Instax Shop,FBO,04519792-0314-2,delivered,2026-08-11T10:10:22.923557Z,04519792-0314,1,1197.0
Instax Shop,FBO,0110484965-0423-1,cancelled,2026-08-11T10:16:16.151093Z,0110484965-0423,1,1097.0
Instax Shop,FBO,11221051-0239-3,delivered,2026-08-11T10:30:35.965275Z,11221051-0239,1,1097.0
Instax Shop,FBO,0132631003-0022-1,cancelled,2026-08-11T11:17:24.772302Z,0132631003-0022,1,1197.0
Instax Shop,FBO,34452896-0113-3,delivered,2026-08-11T11:25:33.872Z,34452896-0113,1,1197.0
Instax Shop,FBO,0147422666-0097-1,delivered,2026-08-11T11:33:45.189887Z,0147422666-0097,1,1197.0
Instax Shop,FBO,51256722-0214-1,delivered,2026-08-11T12:19:08.337007Z,51256722-0214,1,1197.0
Instax Shop,FBO,21138888-0239-5,cancelled,2026-08-11T12:24:55.622935Z,21138888-0239,1,1197.0
Instax Shop,FBO,0250798144-0005-1,delivered,2026-08-11T12:28:02.728110Z,0250798144-0005,1,497.0
Instax Shop,FBO,0131247024-0041-2,delivered,2026-08-11T12:36:18.335654Z,0131247024-0041,1,1097.0
Instax Shop,FBO,0113340029-0042-1,delivered,2026-08-11T13:23:11.667062Z,0113340029-0042,1,1197.0
Instax Shop,FBO,46745846-0063-1,delivered,2026-08-11T13:35:33.043719Z,46745846-0063,1,1097.0
Instax Shop,FBO,62903813-0756-1,delivered,2026-08-11T13:40:05.333030Z,62903813-0756,1,1097.0
Instax Shop,FBO,62903813-0756-7,delivered,2026-08-11T13:40:05.333030Z,62903813-0756,1,977.0
Instax Shop,FBO,34063335-0299-2,cancelled,2026-08-11T13:58:22.778394Z,34063335-0299,1,1197.0
Instax Shop,FBO,34063335-0299-3,delivered,2026-08-11T13:58:22.778394Z,34063335-0299,1,1197.0
Instax Shop,FBO,34063335-0299-4,cancelled,2026-08-11T13:58:22.778394Z,34063335-0299,1,1197.0
Instax Shop,FBO,55789701-0116-1,delivered,2026-08-11T13:59:07.016146Z,55789701-0116,1,1197.0
Instax Shop,FBO,37647349-0835-1,delivered,2026-08-11T14:23:23.933035Z,37647349-0835,1,977.0
Instax Shop,FBO,34030783-0507-1,delivered,2026-08-11T14:36:21.028508Z,34030783-0507,1,1197.0
Instax Shop,FBO,0247072786-0175-1,cancelled,2026-08-11T14:37:08.944113Z,0247072786-0175,1,777.0
Instax Shop,FBO,34030783-0508-1,delivered,2026-08-11T14:39:32.564700Z,34030783-0508,1,1197.0
Instax Shop,FBO,76611153-0172-1,delivered,2026-08-11T14:57:56.346587Z,76611153-0172,1,1197.0
Instax Shop,FBO,36857337-0035-1,delivered,2026-08-11T15:07:28.557447Z,36857337-0035,1,1197.0
Instax Shop,FBO,40987513-1168-2,delivered,2026-08-11T15:07:38.907627Z,40987513-1168,1,1197.0
Instax Shop,FBO,67819010-0267-1,delivered,2026-08-11T15:09:09.608486Z,67819010-0267,1,677.0
Instax Shop,FBO,44862023-0099-1,cancelled,2026-08-11T15:12:16.895129Z,44862023-0099,1,497.0
Instax Shop,FBO,44862023-0099-3,cancelled,2026-08-11T15:12:16.895129Z,44862023-0099,1,497.0
Instax Shop,FBO,29562829-0226-1,cancelled,2026-08-11T15:15:05.524968Z,29562829-0226,1,977.0
Instax Shop,FBO,28877575-1293-1,delivered,2026-08-11T15:25:40.440387Z,28877575-1293,1,1097.0
Instax Shop,FBO,86412923-0250-1,delivered,2026-08-11T15:47:52.331211Z,86412923-0250,1,1197.0
Instax Shop,FBO,10900011-0518-1,cancelled,2026-08-11T16:13:18.825290Z,10900011-0518,1,1197.0
Instax Shop,FBO,0114962433-0214-2,delivered,2026-08-11T16:28:47.523684Z,0114962433-0214,1,977.0
Instax Shop,FBO,0137891589-0264-1,delivered,2026-08-11T16:39:24.524895Z,0137891589-0264,1,1097.0
Instax Shop,FBO,0176294129-0112-1,delivered,2026-08-11T16:40:34.483673Z,0176294129-0112,1,497.0
Instax Shop,FBO,14830210-0288-1,delivered,2026-08-11T16:47:52.589399Z,14830210-0288,1,497.0
Instax Shop,FBO,0142737142-0036-1,cancelled,2026-08-11T16:55:54.356678Z,0142737142-0036,1,777.0
Instax Shop,FBO,0223275393-0137-1,delivered,2026-08-11T17:04:49.610009Z,0223275393-0137,1,1197.0
Instax Shop,FBO,85244182-0045-1,delivered,2026-08-11T17:10:16.806258Z,85244182-0045,1,1197.0
Instax Shop,FBO,0127730307-0249-2,delivered,2026-08-11T17:10:25.149378Z,0127730307-0249,1,1197.0
Instax Shop,FBO,32561572-0110-1,delivered,2026-08-11T18:08:08.908930Z,32561572-0110,1,1097.0
Instax Shop,FBO,34366098-1391-1,delivered,2026-08-11T18:14:26.783547Z,34366098-1391,1,1197.0
Instax Shop,FBO,0149478471-0081-1,delivered,2026-08-11T18:22:14.916187Z,0149478471-0081,1,1197.0
Instax Shop,FBO,58874983-0043-2,delivered,2026-08-11T18:32:54.196755Z,58874983-0043,1,1197.0
Instax Shop,FBO,0156646776-0197-1,cancelled,2026-08-11T18:41:41.475275Z,0156646776-0197,1,497.0
Instax Shop,FBO,0126443386-0960-2,cancelled,2026-08-11T18:54:41.905482Z,0126443386-0960,1,1197.0
Instax Shop,FBO,0126443386-0960-3,cancelled,2026-08-11T18:54:41.905482Z,0126443386-0960,1,977.0
Instax Shop,FBO,0126443386-0960-5,cancelled,2026-08-11T18:54:41.905482Z,0126443386-0960,1,1097.0
Instax Shop,FBO,45366111-0147-1,delivered,2026-08-11T18:57:28.346295Z,45366111-0147,1,677.0
Instax Shop,FBO,89119634-0106-1,delivered,2026-08-11T19:17:06.796158Z,89119634-0106,1,1097.0
Instax Shop,FBO,31126598-0262-1,delivered,2026-08-11T19:25:42.923625Z,31126598-0262,1,1197.0
Instax Shop,FBO,31277048-0202-1,cancelled,2026-08-11T19:25:54.615349Z,31277048-0202,1,497.0
Instax Shop,FBO,0125475795-0200-2,delivered,2026-08-11T19:41:11.541568Z,0125475795-0200,1,1197.0
Instax Shop,FBO,93252550-0429-1,delivered,2026-08-11T19:43:53.109819Z,93252550-0429,1,1197.0
Instax Shop,FBO,51094631-0172-1,cancelled,2026-08-11T20:16:47.484424Z,51094631-0172,1,1197.0
Instax Shop,FBO,30630186-1613-1,delivered,2026-08-11T20:35:07.365502Z,30630186-1613,1,1197.0
Instax Shop,FBO,0141472521-0002-5,delivered,2026-08-11T20:51:57.979718Z,0141472521-0002,1,497.0
Instax Shop,FBO,60728200-0533-1,delivered,2026-08-11T20:59:32.553258Z,60728200-0533,1,1197.0
Instax Shop,FBO,05883956-0072-2,delivered,2026-08-11T21:42:14.122535Z,05883956-0072,1,1197.0
Instax Shop,FBO,11351798-0340-1,cancelled,2026-08-11T21:50:38.541961Z,11351798-0340,1,1197.0
Instax Shop,FBO,49858175-0217-1,delivered,2026-08-11T22:09:15.845176Z,49858175-0217,1,1197.0
Instax Shop,FBO,0160244931-0021-1,cancelled,2026-08-11T22:50:46.997503Z,0160244931-0021,1,777.0
Instax Shop,FBO,0160244931-0022-1,delivered,2026-08-11T22:52:46.057747Z,0160244931-0022,1,777.0
Instax Shop,FBO,47255318-0325-1,cancelled,2026-08-11T23:24:58.762900Z,47255318-0325,1,497.0
Instax Shop,FBO,05377240-0265-2,cancelled,2026-08-12T01:17:32.720041Z,05377240-0265,1,947.0
Instax Shop,FBO,0195936458-0003-1,delivered,2026-08-12T01:51:48.436792Z,0195936458-0003,1,1097.0
Instax Shop,FBO,33180369-0724-3,delivered,2026-08-12T03:30:21.054459Z,33180369-0724,1,1097.0
Instax Shop,FBO,0244140996-0032-1,delivered,2026-08-12T03:30:47.664696Z,0244140996-0032,1,497.0
Instax Shop,FBO,14067327-0670-1,delivered,2026-08-12T03:42:00.127798Z,14067327-0670,1,977.0
Instax Shop,FBO,0180297939-0079-1,delivered,2026-08-12T03:56:22.106293Z,0180297939-0079,1,497.0
Instax Shop,FBO,29191137-0123-1,cancelled,2026-08-12T03:58:37.100582Z,29191137-0123,1,1197.0
Instax Shop,FBO,0173819050-0065-4,delivered,2026-08-12T04:14:25.078244Z,0173819050-0065,1,1197.0
Instax Shop,FBO,33209791-0377-4,cancelled,2026-08-12T04:21:31.542581Z,33209791-0377,1,977.0
Instax Shop,FBO,45425746-0266-1,cancelled,2026-08-12T04:23:06.255844Z,45425746-0266,1,1097.0
Instax Shop,FBO,28083921-0710-1,delivered,2026-08-12T04:28:19.818084Z,28083921-0710,1,1197.0
Instax Shop,FBO,56083766-0046-1,delivered,2026-08-12T04:28:40.764381Z,56083766-0046,1,497.0
Instax Shop,FBO,04074576-0345-1,delivered,2026-08-12T04:44:29.246300Z,04074576-0345,1,497.0
Instax Shop,FBO,87850871-0251-1,delivered,2026-08-12T04:46:33.755669Z,87850871-0251,1,1197.0
Instax Shop,FBO,98891403-0132-1,delivered,2026-08-12T04:52:42.807854Z,98891403-0132,1,497.0
Instax Shop,FBO,73517876-0242-1,delivered,2026-08-12T04:55:45.781721Z,73517876-0242,1,1197.0
Instax Shop,FBO,55346091-0305-1,delivered,2026-08-12T05:08:02.487954Z,55346091-0305,1,1197.0
Instax Shop,FBO,0248404546-0020-1,delivered,2026-08-12T05:22:02.035681Z,0248404546-0020,1,1197.0
Instax Shop,FBO,0162723263-0757-2,delivered,2026-08-12T05:35:01.608940Z,0162723263-0757,1,1097.0
Instax Shop,FBO,61649439-0406-1,delivered,2026-08-12T05:38:24.574789Z,61649439-0406,1,1097.0
Instax Shop,FBO,0191266120-0090-1,delivered,2026-08-12T06:14:05.972730Z,0191266120-0090,1,1197.0
Instax Shop,FBO,43036075-0310-2,delivered,2026-08-12T06:20:13.069094Z,43036075-0310,1,1197.0
Instax Shop,FBO,70433042-0117-1,delivered,2026-08-12T06:25:41.216198Z,70433042-0117,1,1097.0
Instax Shop,FBO,0268789452-0001-1,delivered,2026-08-12T06:30:33.124353Z,0268789452-0001,1,1197.0
Instax Shop,FBO,0131692986-0125-1,delivered,2026-08-12T06:46:12.483196Z,0131692986-0125,1,1197.0
Instax Shop,FBO,0267949181-0006-1,delivered,2026-08-12T06:50:06.535085Z,0267949181-0006,1,1197.0
Instax Shop,FBO,0267029772-0011-1,delivered,2026-08-12T07:07:11.179516Z,0267029772-0011,1,1197.0
Instax Shop,FBO,45276514-0042-1,delivered,2026-08-12T07:09:11.965134Z,45276514-0042,1,1197.0
Instax Shop,FBO,86861856-0011-1,delivered,2026-08-12T07:13:15.614865Z,86861856-0011,1,947.0
Instax Shop,FBO,18452705-0693-3,cancelled,2026-08-12T07:18:02.369703Z,18452705-0693,1,1197.0
Instax Shop,FBO,0115934456-0269-2,delivered,2026-08-12T07:33:05.006486Z,0115934456-0269,1,1197.0
Instax Shop,FBO,49975556-0145-1,delivered,2026-08-12T07:58:07.452856Z,49975556-0145,1,1097.0
Instax Shop,FBO,0115188394-0524-1,delivered,2026-08-12T08:07:57.455431Z,0115188394-0524,1,497.0
Instax Shop,FBO,64062953-0083-1,delivered,2026-08-12T08:30:37.264379Z,64062953-0083,1,1097.0
Instax Shop,FBO,0215436423-0028-1,delivered,2026-08-12T08:30:48.334135Z,0215436423-0028,1,1077.0
Instax Shop,FBO,83533956-0011-1,delivered,2026-08-12T08:35:18.386778Z,83533956-0011,1,1077.0
Instax Shop,FBO,0207105362-0026-1,delivered,2026-08-12T08:38:05.382648Z,0207105362-0026,1,1197.0
Instax Shop,FBO,0110703057-0156-2,delivered,2026-08-12T08:49:26.527687Z,0110703057-0156,1,1097.0
Instax Shop,FBO,24409696-0358-1,delivered,2026-08-12T09:03:29.472746Z,24409696-0358,1,1097.0
Instax Shop,FBO,0171915401-0064-2,delivered,2026-08-12T09:11:01.433708Z,0171915401-0064,1,1197.0
Instax Shop,FBO,02099170-1726-1,cancelled,2026-08-12T09:17:59.220124Z,02099170-1726,1,1197.0
Instax Shop,FBO,0125033543-0039-1,delivered,2026-08-12T09:24:13.649661Z,0125033543-0039,1,1197.0
Instax Shop,FBO,02099170-1727-1,delivered,2026-08-12T09:25:00.110076Z,02099170-1727,1,1197.0
Instax Shop,FBO,77580409-0142-1,delivered,2026-08-12T09:37:08.054867Z,77580409-0142,1,1197.0
Instax Shop,FBO,47985409-1953-2,delivered,2026-08-12T09:55:53.868783Z,47985409-1953,1,1197.0
Instax Shop,FBO,0131550473-0149-3,delivered,2026-08-12T10:19:04.080347Z,0131550473-0149,1,1197.0
Instax Shop,FBO,51462390-0148-1,delivered,2026-08-12T10:49:53.098700Z,51462390-0148,1,1197.0
Instax Shop,FBO,69928404-0191-1,delivered,2026-08-12T11:01:34.279537Z,69928404-0191,1,497.0
Instax Shop,FBO,50121368-0103-1,cancelled,2026-08-12T11:40:08.492201Z,50121368-0103,1,1197.0
Instax Shop,FBO,37811516-0254-1,delivered,2026-08-12T11:53:17.811135Z,37811516-0254,1,1197.0
Instax Shop,FBO,83087759-0309-1,cancelled,2026-08-12T11:55:44.890590Z,83087759-0309,1,1197.0
Instax Shop,FBO,24085028-0647-2,delivered,2026-08-12T11:56:50.756379Z,24085028-0647,1,1097.0
Instax Shop,FBO,0235912533-0007-1,delivered,2026-08-12T12:15:36.791320Z,0235912533-0007,1,1097.0
Instax Shop,FBO,78785854-0054-2,delivered,2026-08-12T12:43:43.453239Z,78785854-0054,1,497.0
Instax Shop,FBO,0123732534-0021-4,delivered,2026-08-12T12:46:02.243199Z,0123732534-0021,1,777.0
Instax Shop,FBO,45425746-0267-1,delivered,2026-08-12T13:32:11.053850Z,45425746-0267,1,1097.0
Instax Shop,FBO,32561572-0111-1,delivered,2026-08-12T13:39:50.702879Z,32561572-0111,1,1097.0
Instax Shop,FBO,56642621-0183-1,delivered,2026-08-12T14:00:18.717513Z,56642621-0183,1,1097.0
Instax Shop,FBO,0141577217-0056-1,delivered,2026-08-12T14:03:18.826378Z,0141577217-0056,1,1197.0
Instax Shop,FBO,0169392001-0039-1,delivered,2026-08-12T14:08:16.889886Z,0169392001-0039,1,1097.0
Instax Shop,FBO,0212883531-0040-1,delivered,2026-08-12T14:16:14.557033Z,0212883531-0040,1,1197.0
Instax Shop,FBO,80524028-0108-1,delivered,2026-08-12T14:17:51.093218Z,80524028-0108,1,1077.0
Instax Shop,FBO,73964022-0383-1,cancelled,2026-08-12T14:31:33.788217Z,73964022-0383,1,777.0
Instax Shop,FBO,57853688-0373-3,delivered,2026-08-12T14:37:55.994017Z,57853688-0373,1,1197.0
Instax Shop,FBO,01636129-1031-1,delivered,2026-08-12T15:16:45.490062Z,01636129-1031,1,497.0
Instax Shop,FBO,15887864-1604-1,cancelled,2026-08-12T15:22:27.877199Z,15887864-1604,1,497.0
Instax Shop,FBO,15887864-1604-3,cancelled,2026-08-12T15:22:27.877199Z,15887864-1604,1,497.0
Instax Shop,FBO,15887864-1605-2,delivered,2026-08-12T15:26:10.428395Z,15887864-1605,1,497.0
Instax Shop,FBO,15887864-1605-3,delivered,2026-08-12T15:26:10.428395Z,15887864-1605,1,497.0
Instax Shop,FBO,99700281-0298-1,delivered,2026-08-12T15:37:53.781910Z,99700281-0298,1,497.0
Instax Shop,FBO,0245327124-0022-3,delivered,2026-08-12T16:27:05.575810Z,0245327124-0022,1,1197.0
Instax Shop,FBO,32577614-0024-1,delivered,2026-08-12T16:32:20.735080Z,32577614-0024,1,1197.0
Instax Shop,FBO,0162720762-0086-1,delivered,2026-08-12T16:33:56.312Z,0162720762-0086,1,1197.0
Instax Shop,FBO,14484525-0327-2,cancelled,2026-08-12T16:40:47.335075Z,14484525-0327,1,1097.0
Instax Shop,FBO,67590658-0121-1,delivered,2026-08-12T16:41:32.619118Z,67590658-0121,1,1197.0
Instax Shop,FBO,0145775558-0029-1,delivered,2026-08-12T17:03:33.398776Z,0145775558-0029,1,497.0
Instax Shop,FBO,84161756-0018-2,delivered,2026-08-12T17:18:45.851137Z,84161756-0018,1,1197.0
Instax Shop,FBO,0125140743-0131-1,cancelled,2026-08-12T17:24:22.793042Z,0125140743-0131,1,947.0
Instax Shop,FBO,51094631-0175-1,delivered,2026-08-12T17:33:06.637950Z,51094631-0175,1,1197.0
Instax Shop,FBO,0180243757-0277-1,cancelled,2026-08-12T17:40:51.939983Z,0180243757-0277,1,1197.0
Instax Shop,FBO,0178291330-0372-2,delivered,2026-08-12T17:42:06.377748Z,0178291330-0372,1,1197.0
Instax Shop,FBO,0149331239-0070-1,delivered,2026-08-12T18:18:16.130452Z,0149331239-0070,1,1197.0
Instax Shop,FBO,0148957798-0069-1,cancelled,2026-08-12T18:21:15.903958Z,0148957798-0069,1,1097.0
Instax Shop,FBO,83919635-0428-1,delivered,2026-08-12T18:50:45.333579Z,83919635-0428,1,1197.0
Instax Shop,FBO,0133317374-0074-1,delivered,2026-08-12T18:52:18.890969Z,0133317374-0074,1,497.0
Instax Shop,FBO,0109051221-0152-1,delivered,2026-08-12T19:01:52.693440Z,0109051221-0152,1,1197.0
Instax Shop,FBO,0130204952-0052-1,delivered,2026-08-12T19:09:23.316337Z,0130204952-0052,1,1097.0
Instax Shop,FBO,33805957-0291-1,delivered,2026-08-12T20:09:23.375504Z,33805957-0291,1,1197.0
Instax Shop,FBO,43943325-0278-1,delivered,2026-08-12T20:39:13.210287Z,43943325-0278,1,1197.0
Instax Shop,FBO,0105038447-0080-1,delivered,2026-08-12T20:48:41.680589Z,0105038447-0080,1,1097.0
Instax Shop,FBO,42918841-0155-1,delivered,2026-08-12T20:55:42.764166Z,42918841-0155,1,1197.0
Instax Shop,FBO,75338815-0052-1,delivered,2026-08-12T21:01:55.890891Z,75338815-0052,1,497.0
Instax Shop,FBO,0192483896-0029-1,cancelled,2026-08-12T21:10:44.866551Z,0192483896-0029,1,1097.0
Instax Shop,FBO,43503270-0018-1,delivered,2026-08-12T21:29:26.492952Z,43503270-0018,1,1197.0
Instax Shop,FBO,0129144914-0282-1,delivered,2026-08-12T21:59:05.497025Z,0129144914-0282,1,497.0
Instax Shop,FBO,64571373-0053-3,delivered,2026-08-12T22:11:53.109251Z,64571373-0053,1,497.0
Instax Shop,FBO,0126531956-0315-1,delivered,2026-08-13T01:07:54.732273Z,0126531956-0315,1,1197.0
Instax Shop,FBO,41105899-0191-3,delivered,2026-08-13T02:12:28.628125Z,41105899-0191,1,1197.0
Instax Shop,FBO,59024273-0130-1,delivered,2026-08-13T03:22:10.010970Z,59024273-0130,1,777.0
Instax Shop,FBO,57382602-0441-1,delivered,2026-08-13T03:39:16.840809Z,57382602-0441,1,977.0
Instax Shop,FBO,92426960-0034-1,delivered,2026-08-13T04:00:06.490783Z,92426960-0034,1,1197.0
Instax Shop,FBO,0161237262-0048-1,delivered,2026-08-13T04:16:27.620271Z,0161237262-0048,1,1197.0
Instax Shop,FBO,11266347-0832-1,cancelled,2026-08-13T04:37:36.389881Z,11266347-0832,1,1197.0
Instax Shop,FBO,0191849163-0021-1,delivered,2026-08-13T04:50:01.514426Z,0191849163-0021,1,1197.0
Instax Shop,FBO,25432639-1512-2,delivered,2026-08-13T05:02:48.412614Z,25432639-1512,1,977.0
Instax Shop,FBO,0252283197-0082-1,delivered,2026-08-13T05:16:16.514015Z,0252283197-0082,1,1197.0
Instax Shop,FBO,0127909701-0408-1,delivered,2026-08-13T05:16:49.555906Z,0127909701-0408,1,1197.0
Instax Shop,FBO,0181025984-0003-179,delivered,2026-08-13T05:46:21.353053Z,0181025984-0003,1,497.0
Instax Shop,FBO,35037392-0295-1,delivered,2026-08-13T05:49:13.716524Z,35037392-0295,1,1197.0
Instax Shop,FBO,40627440-0124-1,delivered,2026-08-13T05:56:16.134267Z,40627440-0124,1,1197.0
Instax Shop,FBO,08534233-0823-2,delivered,2026-08-13T06:11:53.100663Z,08534233-0823,1,1197.0
Instax Shop,FBO,0225561927-0023-1,delivered,2026-08-13T06:14:34.993467Z,0225561927-0023,1,1197.0
Instax Shop,FBO,49174423-0134-3,cancelled,2026-08-13T06:34:31.277885Z,49174423-0134,1,1197.0
Instax Shop,FBO,17156256-0324-1,delivered,2026-08-13T06:35:51.334022Z,17156256-0324,1,1197.0
Instax Shop,FBO,57305938-0102-1,delivered,2026-08-13T06:39:07.028041Z,57305938-0102,1,777.0
Instax Shop,FBO,49227281-0067-2,delivered,2026-08-13T06:49:27.060250Z,49227281-0067,1,1097.0
Instax Shop,FBO,85489344-0224-1,delivered,2026-08-13T07:00:45.681220Z,85489344-0224,1,1197.0
Instax Shop,FBO,64219570-0468-1,cancelled,2026-08-13T07:25:52.081247Z,64219570-0468,1,1097.0
Instax Shop,FBO,68922536-0120-1,delivered,2026-08-13T07:51:08.478548Z,68922536-0120,1,777.0
Instax Shop,FBO,69123698-0108-2,delivered,2026-08-13T08:19:05.483977Z,69123698-0108,1,1197.0
Instax Shop,FBO,28775925-0639-1,delivered,2026-08-13T08:26:45.704848Z,28775925-0639,1,1197.0
Instax Shop,FBO,83262722-0213-2,delivered,2026-08-13T08:28:42.543401Z,83262722-0213,1,1197.0
Instax Shop,FBO,35204442-0445-1,cancelled,2026-08-13T08:37:53.823287Z,35204442-0445,1,777.0
Instax Shop,FBO,35204442-0445-4,cancelled,2026-08-13T08:37:53.823287Z,35204442-0445,1,777.0
Instax Shop,FBO,91485894-0056-1,delivered,2026-08-13T08:38:23.619785Z,91485894-0056,1,1197.0
Instax Shop,FBO,58074148-0207-1,delivered,2026-08-13T08:45:36.522906Z,58074148-0207,1,1197.0
Instax Shop,FBO,05528193-0236-1,delivered,2026-08-13T08:53:01.399258Z,05528193-0236,1,1197.0
Instax Shop,FBO,30373428-0018-1,delivered,2026-08-13T08:54:32.916826Z,30373428-0018,1,1097.0
Instax Shop,FBO,13578096-1226-1,delivered,2026-08-13T09:04:10.062928Z,13578096-1226,1,777.0
Instax Shop,FBO,0146720218-0119-5,cancelled,2026-08-13T09:07:06.403272Z,0146720218-0119,1,1197.0
Instax Shop,FBO,42961919-0189-3,delivered,2026-08-13T09:11:45.873457Z,42961919-0189,1,1197.0
Instax Shop,FBO,0163912914-0060-1,delivered,2026-08-13T09:18:38.545191Z,0163912914-0060,1,1197.0
Instax Shop,FBO,0213132645-0229-1,delivered,2026-08-13T09:45:39.153840Z,0213132645-0229,1,1197.0
Instax Shop,FBO,15004532-0675-1,delivered,2026-08-13T09:50:54.068459Z,15004532-0675,1,1197.0
Instax Shop,FBO,97131181-0006-1,delivered,2026-08-13T09:56:11.335198Z,97131181-0006,1,947.0
Instax Shop,FBO,35337737-0135-1,delivered,2026-08-13T09:57:11.607610Z,35337737-0135,1,1197.0
Instax Shop,FBO,71633201-0174-2,delivered,2026-08-13T10:10:46.988487Z,71633201-0174,1,1197.0
Instax Shop,FBO,41726206-0622-1,delivered,2026-08-13T10:19:06.984606Z,41726206-0622,1,777.0
Instax Shop,FBO,36025988-0645-1,delivered,2026-08-13T10:28:47.244559Z,36025988-0645,1,1197.0
Instax Shop,FBO,85158912-0110-1,delivered,2026-08-13T10:48:01.520883Z,85158912-0110,1,1197.0
Instax Shop,FBO,85158912-0110-2,cancelled,2026-08-13T10:48:01.520883Z,85158912-0110,1,1197.0
Instax Shop,FBO,59149513-0085-1,delivered,2026-08-13T11:14:59.528904Z,59149513-0085,1,1197.0
Instax Shop,FBO,36919163-0459-1,delivered,2026-08-13T11:23:51.464568Z,36919163-0459,1,1197.0
Instax Shop,FBO,06739956-0251-1,delivered,2026-08-13T11:32:38.566565Z,06739956-0251,1,1097.0
Instax Shop,FBO,05331222-0359-1,delivered,2026-08-13T12:38:45.095796Z,05331222-0359,1,1097.0
Instax Shop,FBO,0193894500-0201-1,delivered,2026-08-13T12:45:44.520239Z,0193894500-0201,1,1197.0
Instax Shop,FBO,24365167-0207-1,delivered,2026-08-13T12:59:16.482574Z,24365167-0207,1,1197.0
Instax Shop,FBO,37306880-0377-3,delivered,2026-08-13T13:07:08.188056Z,37306880-0377,1,1197.0
Instax Shop,FBO,0150858961-0265-1,delivered,2026-08-13T13:07:54.734345Z,0150858961-0265,1,1197.0
Instax Shop,FBO,0174830906-0064-1,delivered,2026-08-13T13:16:26.899503Z,0174830906-0064,1,597.0
Instax Shop,FBO,59627641-0142-1,delivered,2026-08-13T13:32:00.527683Z,59627641-0142,1,597.0
Instax Shop,FBO,72926976-0300-1,delivered,2026-08-13T13:36:10.198100Z,72926976-0300,1,1197.0
Instax Shop,FBO,08976041-0106-1,delivered,2026-08-13T13:51:04.377942Z,08976041-0106,1,1197.0
Instax Shop,FBO,26340145-0172-1,delivered,2026-08-13T13:54:18.675781Z,26340145-0172,1,597.0
Instax Shop,FBO,62253342-0015-7,cancelled,2026-08-13T13:56:46.055013Z,62253342-0015,1,1197.0
Instax Shop,FBO,61722278-0084-1,delivered,2026-08-13T14:28:40.613094Z,61722278-0084,1,1097.0
Instax Shop,FBO,37647085-0308-1,cancelled,2026-08-13T14:31:56.789502Z,37647085-0308,1,777.0
Instax Shop,FBO,0126323734-0249-1,delivered,2026-08-13T15:14:12.744651Z,0126323734-0249,1,1197.0
Instax Shop,FBO,0145889209-0200-1,cancelled,2026-08-13T15:23:42.025888Z,0145889209-0200,1,1197.0
Instax Shop,FBO,74083570-0283-1,delivered,2026-08-13T15:34:43.613530Z,74083570-0283,1,1097.0
Instax Shop,FBO,49139672-0017-1,delivered,2026-08-13T15:49:03.164067Z,49139672-0017,1,1097.0
Instax Shop,FBO,49904744-0107-1,delivered,2026-08-13T16:17:38.641700Z,49904744-0107,1,1197.0
Instax Shop,FBO,0133008691-0143-1,delivered,2026-08-13T16:27:37.932062Z,0133008691-0143,1,1197.0
Instax Shop,FBO,0158492062-0020-1,delivered,2026-08-13T16:30:09.367241Z,0158492062-0020,1,1097.0
Instax Shop,FBO,0233448211-0042-1,delivered,2026-08-13T16:45:12.737850Z,0233448211-0042,1,1197.0
Instax Shop,FBO,0141366990-0008-1,delivered,2026-08-13T16:58:14.485134Z,0141366990-0008,1,1097.0
Instax Shop,FBO,0221607753-0060-2,delivered,2026-08-13T17:01:23.179128Z,0221607753-0060,1,1197.0
Instax Shop,FBO,38227562-0220-1,delivered,2026-08-13T17:03:46.216315Z,38227562-0220,1,1197.0
Instax Shop,FBO,04788966-0645-1,delivered,2026-08-13T17:08:00.076424Z,04788966-0645,1,1097.0
Instax Shop,FBO,75462530-0718-1,delivered,2026-08-13T17:08:21.091770Z,75462530-0718,1,1097.0
Instax Shop,FBO,22919312-0033-1,delivered,2026-08-13T17:09:24.422029Z,22919312-0033,1,1097.0
Instax Shop,FBO,0107008733-0990-1,delivered,2026-08-13T17:11:27.077655Z,0107008733-0990,1,947.0
Instax Shop,FBO,25608580-0276-3,delivered,2026-08-13T17:14:47.214366Z,25608580-0276,1,1197.0
Instax Shop,FBO,44656751-0271-1,delivered,2026-08-13T17:25:16.774566Z,44656751-0271,1,597.0
Instax Shop,FBO,73623414-0623-1,cancelled,2026-08-13T18:07:18.895712Z,73623414-0623,1,1197.0
Instax Shop,FBO,79382540-0121-7,delivered,2026-08-13T18:35:58.116949Z,79382540-0121,1,1197.0
Instax Shop,FBO,0109174383-0279-1,delivered,2026-08-13T18:53:50.040057Z,0109174383-0279,1,1197.0
Instax Shop,FBO,0142901263-0061-1,delivered,2026-08-13T19:07:04.160431Z,0142901263-0061,1,1197.0
Instax Shop,FBO,51561291-0135-1,cancelled,2026-08-13T19:08:22.679129Z,51561291-0135,1,1197.0
Instax Shop,FBO,0138337870-0217-1,cancelled,2026-08-13T19:18:42.317634Z,0138337870-0217,1,1197.0
Instax Shop,FBO,64659993-0203-5,cancelled,2026-08-13T19:28:58.713137Z,64659993-0203,1,1097.0
Instax Shop,FBO,55865868-0093-1,delivered,2026-08-13T20:46:43.016130Z,55865868-0093,1,1097.0
Instax Shop,FBO,64219570-0469-2,delivered,2026-08-13T20:54:11.433941Z,64219570-0469,1,1097.0
Instax Shop,FBO,0174342447-0361-1,cancelled,2026-08-13T21:15:20.160886Z,0174342447-0361,1,1197.0
Instax Shop,FBO,0174342447-0362-1,delivered,2026-08-13T21:16:27.957104Z,0174342447-0362,1,1097.0
Instax Shop,FBO,32601953-0100-1,delivered,2026-08-13T21:46:05.018363Z,32601953-0100,1,1197.0
Instax Shop,FBO,70761048-0107-4,delivered,2026-08-14T00:55:57.636676Z,70761048-0107,1,1197.0
Instax Shop,FBO,0157727510-0043-17,cancelled,2026-08-14T02:03:18.454374Z,0157727510-0043,1,1197.0
Instax Shop,FBO,0163120480-0183-1,delivered,2026-08-14T02:41:11.067859Z,0163120480-0183,1,1197.0
Instax Shop,FBO,57426846-0509-1,cancelled,2026-08-14T02:44:51.050341Z,57426846-0509,1,1197.0
Instax Shop,FBO,52756830-0769-1,cancelled,2026-08-14T03:20:12.203676Z,52756830-0769,1,947.0
Instax Shop,FBO,52756830-0770-1,delivered,2026-08-14T03:22:49.663826Z,52756830-0770,1,947.0
Instax Shop,FBO,68077064-0059-5,delivered,2026-08-14T03:24:32.548930Z,68077064-0059,1,1197.0
Instax Shop,FBO,80867992-0307-1,delivered,2026-08-14T03:36:56.541751Z,80867992-0307,1,1197.0
Instax Shop,FBO,82775790-0595-1,delivered,2026-08-14T03:55:40.984294Z,82775790-0595,1,1197.0
Instax Shop,FBO,0108935085-0217-1,cancelled,2026-08-14T04:41:33.914446Z,0108935085-0217,1,1197.0
Instax Shop,FBO,0129707373-0032-1,delivered,2026-08-14T04:50:03.313790Z,0129707373-0032,1,1197.0
Instax Shop,FBO,81434937-0191-1,delivered,2026-08-14T04:53:19.637978Z,81434937-0191,1,1197.0
Instax Shop,FBO,0124605222-0052-1,delivered,2026-08-14T05:16:26.133908Z,0124605222-0052,1,1197.0
Instax Shop,FBO,0128073065-0264-1,delivered,2026-08-14T05:32:41.853449Z,0128073065-0264,1,1097.0
Instax Shop,FBO,90219361-0206-1,delivered,2026-08-14T05:50:41.658278Z,90219361-0206,1,597.0
Instax Shop,FBO,0126596670-0404-1,delivered,2026-08-14T06:05:05.568833Z,0126596670-0404,1,1197.0
Instax Shop,FBO,07019982-0306-1,delivered,2026-08-14T06:13:32.510385Z,07019982-0306,1,1197.0
Instax Shop,FBO,92350969-0049-1,delivered,2026-08-14T06:36:41.502381Z,92350969-0049,1,1197.0
Instax Shop,FBO,50605753-0357-2,delivered,2026-08-14T06:53:08.236725Z,50605753-0357,1,1197.0
Instax Shop,FBO,0212110213-0018-1,delivered,2026-08-14T07:00:09.283572Z,0212110213-0018,1,1097.0
Instax Shop,FBO,38971745-0285-1,cancelled,2026-08-14T07:00:44.703618Z,38971745-0285,1,777.0
Instax Shop,FBO,0103049753-0149-1,delivered,2026-08-14T07:10:44.944514Z,0103049753-0149,1,1197.0
Instax Shop,FBO,83885566-0503-1,delivered,2026-08-14T07:21:20.364285Z,83885566-0503,1,1097.0
Instax Shop,FBO,28786066-0252-1,delivered,2026-08-14T07:31:16.333682Z,28786066-0252,1,1097.0
Instax Shop,FBO,88478283-0132-1,delivered,2026-08-14T07:40:29.196883Z,88478283-0132,1,1197.0
Instax Shop,FBO,11327219-0209-3,delivered,2026-08-14T07:45:00.620092Z,11327219-0209,1,1197.0
Instax Shop,FBO,0171693173-0135-3,cancelled,2026-08-14T07:50:21.682214Z,0171693173-0135,1,1197.0
Instax Shop,FBO,82169962-0217-1,cancelled,2026-08-14T07:53:38.884996Z,82169962-0217,1,1197.0
Instax Shop,FBO,82169962-0218-1,delivered,2026-08-14T07:57:59.569809Z,82169962-0218,1,1197.0
Instax Shop,FBO,39175050-0139-1,delivered,2026-08-14T08:00:04.105762Z,39175050-0139,1,1197.0
Instax Shop,FBO,66768532-0116-1,delivered,2026-08-14T08:18:54.419055Z,66768532-0116,1,1197.0
Instax Shop,FBO,24420683-0580-2,delivered,2026-08-14T08:20:14.942152Z,24420683-0580,1,597.0
Instax Shop,FBO,96262173-0187-1,delivered,2026-08-14T08:30:10.914093Z,96262173-0187,1,1197.0
Instax Shop,FBO,0110484965-0426-2,cancelled,2026-08-14T08:47:48.360619Z,0110484965-0426,1,1097.0
Instax Shop,FBO,45948036-0444-1,delivered,2026-08-14T08:52:03.073206Z,45948036-0444,1,597.0
Instax Shop,FBO,45948036-0444-3,delivered,2026-08-14T08:52:03.073206Z,45948036-0444,1,597.0
Instax Shop,FBO,91357081-0304-1,delivered,2026-08-14T09:00:28.423729Z,91357081-0304,1,947.0
Instax Shop,FBO,66648161-0521-1,delivered,2026-08-14T09:17:32.907800Z,66648161-0521,1,1097.0
Instax Shop,FBO,32445012-0212-1,delivered,2026-08-14T09:18:18.306257Z,32445012-0212,1,1197.0
Instax Shop,FBO,0176635137-0013-1,cancelled,2026-08-14T09:19:44.460024Z,0176635137-0013,1,1197.0
Instax Shop,FBO,44213405-0122-1,delivered,2026-08-14T09:32:34.837148Z,44213405-0122,1,1197.0
Instax Shop,FBO,98737971-0819-1,delivered,2026-08-14T09:41:45.921543Z,98737971-0819,1,1197.0
Instax Shop,FBO,42033639-0090-1,delivered,2026-08-14T10:09:43.377159Z,42033639-0090,1,1197.0
Instax Shop,FBO,56860754-0566-3,delivered,2026-08-14T10:11:32.822512Z,56860754-0566,1,1097.0
Instax Shop,FBO,29927861-0761-6,delivered,2026-08-14T10:18:28.752688Z,29927861-0761,1,1197.0
Instax Shop,FBO,49540273-0052-2,delivered,2026-08-14T10:23:25.035087Z,49540273-0052,1,1197.0
Instax Shop,FBO,0109443055-0144-1,cancelled,2026-08-14T10:28:54.623839Z,0109443055-0144,1,777.0
Instax Shop,FBO,88077860-0156-4,delivered,2026-08-14T10:36:10.900176Z,88077860-0156,1,1197.0
Instax Shop,FBO,43779986-0095-1,cancelled,2026-08-14T10:41:15.674409Z,43779986-0095,1,1197.0
Instax Shop,FBO,33811167-0181-1,delivered,2026-08-14T10:44:39.481103Z,33811167-0181,1,1197.0
Instax Shop,FBO,46904475-0078-1,delivered,2026-08-14T10:45:34.909904Z,46904475-0078,1,597.0
Instax Shop,FBO,0176125839-0277-1,delivered,2026-08-14T10:48:53.073665Z,0176125839-0277,1,1197.0
Instax Shop,FBO,0219618092-0052-1,delivered,2026-08-14T10:57:30.887015Z,0219618092-0052,1,1097.0
Instax Shop,FBO,0124638882-0272-1,delivered,2026-08-14T11:03:26.930999Z,0124638882-0272,1,1197.0
Instax Shop,FBO,0153661430-0029-1,delivered,2026-08-14T11:04:04.058964Z,0153661430-0029,1,1197.0
Instax Shop,FBO,34493597-0886-2,cancelled,2026-08-14T11:05:51.895048Z,34493597-0886,1,1097.0
Instax Shop,FBO,03905343-0603-1,delivered,2026-08-14T11:05:55.127108Z,03905343-0603,1,1197.0
Instax Shop,FBO,0135610169-0259-1,cancelled,2026-08-14T11:14:13.741772Z,0135610169-0259,1,1197.0
Instax Shop,FBO,63374694-0279-1,delivered,2026-08-14T11:17:08.304548Z,63374694-0279,1,1197.0
Instax Shop,FBO,92504844-0522-1,delivered,2026-08-14T11:30:16.960811Z,92504844-0522,1,1197.0
Instax Shop,FBO,31752715-0344-1,delivered,2026-08-14T11:38:27.069620Z,31752715-0344,1,777.0
Instax Shop,FBO,69429523-0092-1,delivered,2026-08-14T11:44:19.523262Z,69429523-0092,1,1197.0
Instax Shop,FBO,42920702-0489-1,delivered,2026-08-14T11:46:18.522284Z,42920702-0489,1,1197.0
Instax Shop,FBO,0149331239-0071-1,delivered,2026-08-14T11:52:45.692320Z,0149331239-0071,1,1097.0
Instax Shop,FBO,05309010-0917-2,delivered,2026-08-14T11:56:34.810724Z,05309010-0917,1,1197.0
Instax Shop,FBO,0161015680-0168-1,delivered,2026-08-14T12:01:43.437437Z,0161015680-0168,1,1197.0
Instax Shop,FBO,0118480983-0488-1,delivered,2026-08-14T12:21:30.384617Z,0118480983-0488,1,597.0
Instax Shop,FBO,0252580769-0062-1,delivered,2026-08-14T12:24:30.716293Z,0252580769-0062,1,1197.0
Instax Shop,FBO,0106708614-0195-1,delivered,2026-08-14T12:33:01.393669Z,0106708614-0195,1,1197.0
Instax Shop,FBO,03376446-0386-1,delivered,2026-08-14T12:40:26.684672Z,03376446-0386,1,1097.0
Instax Shop,FBO,75962793-0110-1,delivered,2026-08-14T13:06:01.727370Z,75962793-0110,1,597.0
Instax Shop,FBO,45727179-0224-1,delivered,2026-08-14T13:08:44.254945Z,45727179-0224,1,1197.0
Instax Shop,FBO,0163912914-0061-1,delivered,2026-08-14T13:09:13.874378Z,0163912914-0061,1,1197.0
Instax Shop,FBO,11351798-0351-1,cancelled,2026-08-14T13:13:00.636300Z,11351798-0351,1,1097.0
Instax Shop,FBO,42920702-0490-1,delivered,2026-08-14T13:21:44.168034Z,42920702-0490,1,1097.0
Instax Shop,FBO,0257345618-0024-1,delivered,2026-08-14T13:24:39.519887Z,0257345618-0024,1,1097.0
Instax Shop,FBO,70997758-0403-1,delivered,2026-08-14T13:38:13.401679Z,70997758-0403,1,1197.0
Instax Shop,FBO,0128433232-0207-1,delivered,2026-08-14T13:42:24.690093Z,0128433232-0207,1,1197.0
Instax Shop,FBO,0182874641-0095-1,cancelled,2026-08-14T13:44:18.180666Z,0182874641-0095,1,1197.0
Instax Shop,FBO,43145014-0202-1,delivered,2026-08-14T14:14:00.969824Z,43145014-0202,1,597.0
Instax Shop,FBO,38795724-0102-1,delivered,2026-08-14T14:16:42.741262Z,38795724-0102,1,1197.0
Instax Shop,FBO,0142234912-0034-1,cancelled,2026-08-14T14:22:56.398595Z,0142234912-0034,1,777.0
Instax Shop,FBO,0172895210-0125-1,delivered,2026-08-14T14:25:02.018767Z,0172895210-0125,1,1097.0
Instax Shop,FBO,65104099-0506-1,cancelled,2026-08-14T14:33:09.972587Z,65104099-0506,1,1197.0
Instax Shop,FBO,38978750-0256-1,cancelled,2026-08-14T14:40:13.149309Z,38978750-0256,1,1197.0
Instax Shop,FBO,34086366-1049-3,delivered,2026-08-14T14:50:35.116829Z,34086366-1049,1,1197.0
Instax Shop,FBO,0173077058-0038-1,delivered,2026-08-14T14:54:31.853976Z,0173077058-0038,1,1197.0
Instax Shop,FBO,61784077-0066-1,cancelled,2026-08-14T14:55:32.676995Z,61784077-0066,1,1197.0
Instax Shop,FBO,35251606-0477-1,cancelled,2026-08-14T14:58:09.515949Z,35251606-0477,1,597.0
Instax Shop,FBO,32956311-0331-1,cancelled,2026-08-14T15:01:37.252864Z,32956311-0331,1,1197.0
Instax Shop,FBO,32956311-0331-2,delivered,2026-08-14T15:01:37.252864Z,32956311-0331,1,1197.0
Instax Shop,FBO,0251574606-0020-8,delivered,2026-08-14T15:14:24.582236Z,0251574606-0020,1,1197.0
Instax Shop,FBO,48520443-0277-3,delivered,2026-08-14T15:16:19.048319Z,48520443-0277,1,1197.0
Instax Shop,FBO,0253491270-0024-1,delivered,2026-08-14T15:24:23.826428Z,0253491270-0024,1,1197.0
Instax Shop,FBO,63631132-0217-3,delivered,2026-08-14T15:35:37.695167Z,63631132-0217,1,1197.0
Instax Shop,FBO,33956383-0166-1,cancelled,2026-08-14T16:00:17.173572Z,33956383-0166,1,1197.0
Instax Shop,FBO,79302735-0600-2,cancelled,2026-08-14T16:02:45.133270Z,79302735-0600,1,1197.0
Instax Shop,FBO,0135014250-0137-1,cancelled,2026-08-14T16:09:28.192488Z,0135014250-0137,1,1197.0
Instax Shop,FBO,97742997-0188-1,delivered,2026-08-14T16:44:57.635294Z,97742997-0188,1,1197.0
Instax Shop,FBO,11072272-0402-1,delivered,2026-08-14T17:16:55.566312Z,11072272-0402,1,677.0
Instax Shop,FBO,0103047389-0831-1,cancelled,2026-08-14T17:30:28.467533Z,0103047389-0831,1,1197.0
Instax Shop,FBO,43852848-0054-1,delivered,2026-08-14T17:54:50.909161Z,43852848-0054,1,1097.0
Instax Shop,FBO,62616571-0436-1,delivered,2026-08-14T17:55:12.068198Z,62616571-0436,1,597.0
Instax Shop,FBO,0114682142-0248-2,delivered,2026-08-14T18:03:17.432971Z,0114682142-0248,1,1197.0
Instax Shop,FBO,0142234912-0035-1,delivered,2026-08-14T18:14:13.008742Z,0142234912-0035,1,1197.0
Instax Shop,FBO,17629367-0058-1,delivered,2026-08-14T18:24:14.673710Z,17629367-0058,1,1197.0
Instax Shop,FBO,92600098-0577-1,cancelled,2026-08-14T18:27:06.410510Z,92600098-0577,1,1097.0
Instax Shop,FBO,0123597866-0018-1,delivered,2026-08-14T18:31:05.544296Z,0123597866-0018,1,1197.0
Instax Shop,FBO,0202234318-0532-1,cancelled,2026-08-14T18:56:05.730149Z,0202234318-0532,1,777.0
Instax Shop,FBO,0103013052-0451-1,delivered,2026-08-14T19:02:41.726149Z,0103013052-0451,1,1097.0
Instax Shop,FBO,28084296-0326-1,cancelled,2026-08-14T19:28:30.127121Z,28084296-0326,1,1197.0
Instax Shop,FBO,28084296-0326-3,cancelled,2026-08-14T19:28:30.127121Z,28084296-0326,1,1197.0
Instax Shop,FBO,28084296-0326-5,cancelled,2026-08-14T19:28:30.127121Z,28084296-0326,1,1197.0
Instax Shop,FBO,28084296-0326-7,delivered,2026-08-14T19:28:30.127121Z,28084296-0326,1,1197.0
Instax Shop,FBO,04998786-0105-1,cancelled,2026-08-14T19:43:39.989596Z,04998786-0105,1,947.0
Instax Shop,FBO,0100219293-0189-3,cancelled,2026-08-14T19:44:01.001615Z,0100219293-0189,1,1097.0
Instax Shop,FBO,04998786-0106-1,delivered,2026-08-14T19:44:11.168959Z,04998786-0106,1,947.0
Instax Shop,FBO,45943557-0273-1,delivered,2026-08-14T19:50:55.865683Z,45943557-0273,1,1197.0
Instax Shop,FBO,18814489-0869-2,delivered,2026-08-14T19:56:38.344869Z,18814489-0869,1,1197.0
Instax Shop,FBO,04405549-0121-5,delivered,2026-08-14T19:59:31.700452Z,04405549-0121,1,1197.0
Instax Shop,FBO,51911012-0217-1,cancelled,2026-08-14T20:19:00.917075Z,51911012-0217,1,1197.0
Instax Shop,FBO,0154229066-0027-5,delivered,2026-08-14T20:25:38.935707Z,0154229066-0027,1,1197.0
Instax Shop,FBO,0154325336-0144-1,delivered,2026-08-14T20:53:33.829866Z,0154325336-0144,1,1197.0
Instax Shop,FBO,30864769-0515-1,delivered,2026-08-14T21:46:25.595440Z,30864769-0515,1,1197.0
Instax Shop,FBO,0126352320-0050-1,delivered,2026-08-14T22:39:12.247169Z,0126352320-0050,1,1097.0
Instax Shop,FBO,0262951405-0006-1,delivered,2026-08-15T00:28:31.895659Z,0262951405-0006,1,1197.0
Instax Shop,FBO,0172689162-0215-1,delivered,2026-08-15T01:44:04.723675Z,0172689162-0215,1,1197.0
Instax Shop,FBO,14246776-0182-3,delivered,2026-08-15T03:54:22.255644Z,14246776-0182,1,1197.0
Instax Shop,FBO,34875367-0437-2,delivered,2026-08-15T04:19:45.075363Z,34875367-0437,1,1197.0
Instax Shop,FBO,02202916-0073-1,delivered,2026-08-15T05:21:22.108118Z,02202916-0073,1,1197.0
Instax Shop,FBO,78738240-0771-1,delivered,2026-08-15T05:28:01.421434Z,78738240-0771,1,1097.0
Instax Shop,FBO,0164340721-0176-3,delivered,2026-08-15T05:50:04.655504Z,0164340721-0176,1,1097.0
Instax Shop,FBO,0182220364-0332-1,delivered,2026-08-15T05:54:30.200435Z,0182220364-0332,1,1197.0
Instax Shop,FBO,08366142-1385-1,delivered,2026-08-15T06:37:16.244866Z,08366142-1385,1,597.0
Instax Shop,FBO,0137756524-0326-1,delivered,2026-08-15T06:45:58.596537Z,0137756524-0326,1,1197.0
Instax Shop,FBO,14722737-0270-1,delivered,2026-08-15T07:19:58.037664Z,14722737-0270,1,1197.0
Instax Shop,FBO,14722737-0271-1,delivered,2026-08-15T07:20:51.139257Z,14722737-0271,1,1197.0
Instax Shop,FBO,57798792-0144-1,delivered,2026-08-15T07:30:27.252264Z,57798792-0144,1,1077.0
Instax Shop,FBO,0247079999-0072-1,delivered,2026-08-15T07:31:05.227638Z,0247079999-0072,1,777.0
Instax Shop,FBO,09170659-0208-1,delivered,2026-08-15T07:44:33.953133Z,09170659-0208,1,1097.0
Instax Shop,FBO,0121855704-0201-1,delivered,2026-08-15T07:48:04.223545Z,0121855704-0201,1,1197.0
Instax Shop,FBO,44332255-0122-1,delivered,2026-08-15T07:55:04.007282Z,44332255-0122,1,1197.0
Instax Shop,FBO,0130403813-0050-2,delivered,2026-08-15T08:36:57.677143Z,0130403813-0050,1,1197.0
Instax Shop,FBO,38874879-0756-1,delivered,2026-08-15T08:37:25.234637Z,38874879-0756,1,1197.0
Instax Shop,FBO,0153010231-0359-1,delivered,2026-08-15T08:48:29.474812Z,0153010231-0359,1,1197.0
Instax Shop,FBO,14933840-0639-2,cancelled,2026-08-15T08:51:49.528276Z,14933840-0639,1,1197.0
Instax Shop,FBO,17317693-0233-7,delivered,2026-08-15T08:56:36.418910Z,17317693-0233,1,1197.0
Instax Shop,FBO,17317693-0233-9,delivered,2026-08-15T08:56:36.418910Z,17317693-0233,1,1197.0
Instax Shop,FBO,45797274-0152-1,cancelled,2026-08-15T09:05:14.784305Z,45797274-0152,1,1197.0
Instax Shop,FBO,0200869344-0128-1,cancelled,2026-08-15T09:07:34.997796Z,0200869344-0128,1,1197.0
Instax Shop,FBO,0200869344-0128-3,cancelled,2026-08-15T09:07:34.997796Z,0200869344-0128,1,1197.0
Instax Shop,FBO,0127018324-0521-1,delivered,2026-08-15T09:08:11.176643Z,0127018324-0521,1,1097.0
Instax Shop,FBO,0136604422-0110-2,delivered,2026-08-15T09:35:18.540963Z,0136604422-0110,1,1197.0
Instax Shop,FBO,97419108-0858-2,cancelled,2026-08-15T09:57:38.005323Z,97419108-0858,1,1197.0
Instax Shop,FBO,0190587361-0114-2,delivered,2026-08-15T10:00:34.068239Z,0190587361-0114,1,1197.0
Instax Shop,FBO,0190587361-0114-3,delivered,2026-08-15T10:00:34.068239Z,0190587361-0114,1,1197.0
Instax Shop,FBO,36858918-0076-1,delivered,2026-08-15T10:11:57.789713Z,36858918-0076,1,1097.0
Instax Shop,FBO,92226246-0117-2,delivered,2026-08-15T10:17:58.907753Z,92226246-0117,1,1197.0
Instax Shop,FBO,65876808-0763-1,delivered,2026-08-15T10:18:51.377666Z,65876808-0763,1,1097.0
Instax Shop,FBO,79121855-0055-2,delivered,2026-08-15T10:20:16.347200Z,79121855-0055,1,1197.0
Instax Shop,FBO,89971729-0128-3,cancelled,2026-08-15T10:23:09.068291Z,89971729-0128,1,1197.0
Instax Shop,FBO,10934589-0455-1,delivered,2026-08-15T10:24:17.202676Z,10934589-0455,1,1197.0
Instax Shop,FBO,82147048-0463-1,delivered,2026-08-15T10:27:25.540498Z,82147048-0463,1,1197.0
Instax Shop,FBO,48149910-0158-1,delivered,2026-08-15T11:35:08.403019Z,48149910-0158,1,1097.0
Instax Shop,FBO,0107137520-0370-2,delivered,2026-08-15T11:36:34.926082Z,0107137520-0370,1,597.0
Instax Shop,FBO,09956256-0272-1,delivered,2026-08-15T11:43:31.528020Z,09956256-0272,1,777.0
Instax Shop,FBO,61215726-0282-1,delivered,2026-08-15T11:52:37.959375Z,61215726-0282,1,1197.0
Instax Shop,FBO,72389642-3050-1,cancelled,2026-08-15T11:58:07.794167Z,72389642-3050,1,1097.0
Instax Shop,FBO,0239650298-0029-1,delivered,2026-08-15T12:04:35.588759Z,0239650298-0029,1,1197.0
Instax Shop,FBO,47473463-0441-2,delivered,2026-08-15T12:12:37.884341Z,47473463-0441,1,1197.0
Instax Shop,FBO,74935011-0042-1,delivered,2026-08-15T12:13:30.153561Z,74935011-0042,1,677.0
Instax Shop,FBO,30252592-0133-1,delivered,2026-08-15T12:20:23.593705Z,30252592-0133,1,1097.0
Instax Shop,FBO,0205859969-0045-1,cancelled,2026-08-15T12:46:41.844437Z,0205859969-0045,1,777.0
Instax Shop,FBO,0122395940-0101-1,delivered,2026-08-15T12:47:05.789526Z,0122395940-0101,1,1097.0
Instax Shop,FBO,38209682-0314-1,delivered,2026-08-15T12:55:25.190692Z,38209682-0314,1,1097.0
Instax Shop,FBO,82814524-0100-1,delivered,2026-08-15T12:58:39.278656Z,82814524-0100,1,597.0
Instax Shop,FBO,0174112644-0050-1,delivered,2026-08-15T13:15:25.219340Z,0174112644-0050,1,1197.0
Instax Shop,FBO,57298905-0190-1,delivered,2026-08-15T13:16:33.795873Z,57298905-0190,1,1197.0
Instax Shop,FBO,30010454-0115-1,delivered,2026-08-15T13:27:50.505193Z,30010454-0115,1,1197.0
Instax Shop,FBO,74820373-0470-1,delivered,2026-08-15T13:32:18.102590Z,74820373-0470,1,1197.0
Instax Shop,FBO,0194151998-0138-1,delivered,2026-08-15T13:34:34.875079Z,0194151998-0138,1,1197.0
Instax Shop,FBO,51911012-0221-1,cancelled,2026-08-15T13:49:02.846021Z,51911012-0221,1,777.0
Instax Shop,FBO,28084407-0517-2,delivered,2026-08-15T13:57:45.086189Z,28084407-0517,1,1197.0
Instax Shop,FBO,88292864-0136-1,delivered,2026-08-15T14:01:22.386393Z,88292864-0136,1,1097.0
Instax Shop,FBO,0251680662-0004-1,delivered,2026-08-15T15:10:11.325748Z,0251680662-0004,1,777.0
Instax Shop,FBO,0180495272-0201-1,delivered,2026-08-15T15:10:31.127419Z,0180495272-0201,1,1197.0
Instax Shop,FBO,0140009544-0038-3,delivered,2026-08-15T15:24:32.267279Z,0140009544-0038,1,1197.0
Instax Shop,FBO,33401293-0097-1,delivered,2026-08-15T15:28:34.015086Z,33401293-0097,1,1197.0
Instax Shop,FBO,03548614-0875-1,delivered,2026-08-15T15:30:47.556576Z,03548614-0875,1,1197.0
Instax Shop,FBO,94339323-0083-1,delivered,2026-08-15T15:38:33.112127Z,94339323-0083,1,1197.0
Instax Shop,FBO,50526018-0176-1,delivered,2026-08-15T16:09:03.825120Z,50526018-0176,1,1197.0
Instax Shop,FBO,72539143-0218-1,delivered,2026-08-15T16:20:11.462580Z,72539143-0218,1,1197.0
Instax Shop,FBO,39726249-0768-1,delivered,2026-08-15T17:17:39.680313Z,39726249-0768,1,1197.0
Instax Shop,FBO,0134676805-0184-1,delivered,2026-08-15T17:20:33.252004Z,0134676805-0184,1,1197.0
Instax Shop,FBO,74434408-0421-1,cancelled,2026-08-15T17:24:20.892106Z,74434408-0421,1,1197.0
Instax Shop,FBO,74434408-0421-2,delivered,2026-08-15T17:24:20.892106Z,74434408-0421,1,1197.0
Instax Shop,FBO,31308070-0214-1,delivered,2026-08-15T17:55:00.666577Z,31308070-0214,1,1197.0
Instax Shop,FBO,01703934-1071-1,delivered,2026-08-15T18:03:51.636828Z,01703934-1071,1,1197.0
Instax Shop,FBO,08668354-0888-1,delivered,2026-08-15T18:12:49.431088Z,08668354-0888,1,1097.0
Instax Shop,FBO,0238068701-0031-1,delivered,2026-08-15T18:13:21.423747Z,0238068701-0031,1,1097.0
Instax Shop,FBO,50230487-0149-1,cancelled,2026-08-15T18:31:34.584682Z,50230487-0149,1,1197.0
Instax Shop,FBO,78885690-0070-1,delivered,2026-08-15T18:38:35.069825Z,78885690-0070,1,1197.0
Instax Shop,FBO,51378056-0094-1,delivered,2026-08-15T18:42:04.620717Z,51378056-0094,1,1097.0
Instax Shop,FBO,48365843-0105-1,cancelled,2026-08-15T18:43:54.138227Z,48365843-0105,1,1197.0
Instax Shop,FBO,48365843-0105-2,cancelled,2026-08-15T18:43:54.138227Z,48365843-0105,1,1197.0
Instax Shop,FBO,48365843-0106-1,delivered,2026-08-15T18:50:11.066371Z,48365843-0106,1,1197.0
Instax Shop,FBO,04091603-0542-1,cancelled,2026-08-15T19:29:13.976729Z,04091603-0542,1,1097.0
Instax Shop,FBO,10635518-0626-1,delivered,2026-08-15T19:56:07.767377Z,10635518-0626,1,1197.0
Instax Shop,FBO,91888682-0718-1,cancelled,2026-08-15T19:56:32.854030Z,91888682-0718,1,1197.0
Instax Shop,FBO,91888682-0720-1,cancelled,2026-08-15T19:57:01.651532Z,91888682-0720,1,1197.0
Instax Shop,FBO,04091603-0545-1,delivered,2026-08-15T20:08:32.865655Z,04091603-0545,1,1097.0
Instax Shop,FBO,55346091-0306-2,delivered,2026-08-15T20:41:48.031239Z,55346091-0306,1,1197.0
Instax Shop,FBO,77968667-0126-1,cancelled,2026-08-15T20:56:34.242911Z,77968667-0126,1,1097.0
Instax Shop,FBO,0171374994-0017-1,delivered,2026-08-15T21:27:01.576581Z,0171374994-0017,1,777.0
Instax Shop,FBO,0267234694-0005-7,cancelled,2026-08-15T21:42:01.564060Z,0267234694-0005,1,1197.0
Instax Shop,FBO,0126990064-0936-1,cancelled,2026-08-15T21:51:22.736615Z,0126990064-0936,1,1197.0
Instax Shop,FBO,0108049954-0051-1,delivered,2026-08-15T21:55:16.608475Z,0108049954-0051,1,1197.0
Instax Shop,FBO,44534184-0154-1,delivered,2026-08-15T22:09:49.346007Z,44534184-0154,1,1197.0
Instax Shop,FBO,94233734-0333-3,cancelled,2026-08-15T22:57:07.860165Z,94233734-0333,1,1197.0
Instax Shop,FBO,51087021-0204-1,delivered,2026-08-16T01:09:34.295921Z,51087021-0204,1,597.0
Instax Shop,FBO,0132931731-0237-1,delivered,2026-08-16T01:24:27.048909Z,0132931731-0237,1,1197.0
Instax Shop,FBO,62843454-0025-1,delivered,2026-08-16T01:35:06.001080Z,62843454-0025,1,597.0
Instax Shop,FBO,71985538-0274-1,delivered,2026-08-16T02:12:52.279996Z,71985538-0274,1,1197.0
Instax Shop,FBO,0121710123-0050-1,delivered,2026-08-16T03:18:14.015841Z,0121710123-0050,1,1197.0
Instax Shop,FBO,0173798055-0368-1,cancelled,2026-08-16T04:41:53.849079Z,0173798055-0368,1,1197.0
Instax Shop,FBO,35546420-0213-1,delivered,2026-08-16T04:46:07.899930Z,35546420-0213,1,1197.0
Instax Shop,FBO,75541423-0107-1,delivered,2026-08-16T04:52:29.333656Z,75541423-0107,1,1197.0
Instax Shop,FBO,00505375-0727-2,delivered,2026-08-16T05:53:22.904544Z,00505375-0727,1,1197.0
Instax Shop,FBO,59977300-0403-1,delivered,2026-08-16T05:57:20.151830Z,59977300-0403,1,1097.0
Instax Shop,FBO,81454802-0215-1,delivered,2026-08-16T05:59:42.338200Z,81454802-0215,1,1197.0
Instax Shop,FBO,81454802-0215-3,delivered,2026-08-16T05:59:42.338200Z,81454802-0215,1,1197.0
Instax Shop,FBO,30174942-0168-1,delivered,2026-08-16T06:28:58.581239Z,30174942-0168,1,1197.0
Instax Shop,FBO,60694766-0249-1,delivered,2026-08-16T06:41:12.071935Z,60694766-0249,1,1197.0
Instax Shop,FBO,0239273353-0059-1,cancelled,2026-08-16T06:52:19.864682Z,0239273353-0059,1,1197.0
Instax Shop,FBO,20094619-0742-2,delivered,2026-08-16T06:55:46.083552Z,20094619-0742,1,1097.0
Instax Shop,FBO,0144390383-0794-1,cancelled,2026-08-16T06:57:51.262288Z,0144390383-0794,1,1077.0
Instax Shop,FBO,0177868980-0115-1,delivered,2026-08-16T07:00:52.167457Z,0177868980-0115,1,777.0
Instax Shop,FBO,0181083054-0144-1,delivered,2026-08-16T07:20:37.785915Z,0181083054-0144,1,1097.0
Instax Shop,FBO,0145065873-0093-3,delivered,2026-08-16T07:21:09.884418Z,0145065873-0093,1,1197.0
Instax Shop,FBO,0155779998-0139-1,delivered,2026-08-16T07:26:55.080670Z,0155779998-0139,1,597.0
Instax Shop,FBO,47144765-0289-2,delivered,2026-08-16T07:28:40.780772Z,47144765-0289,1,1197.0
Instax Shop,FBO,33086238-0404-1,delivered,2026-08-16T07:38:00.796127Z,33086238-0404,1,1197.0
Instax Shop,FBO,76196414-0376-1,cancelled,2026-08-16T07:43:09.015967Z,76196414-0376,1,1197.0
Instax Shop,FBO,0190151306-0140-1,delivered,2026-08-16T07:43:35.770501Z,0190151306-0140,1,1197.0
Instax Shop,FBO,80355189-0834-1,delivered,2026-08-16T07:48:01.243668Z,80355189-0834,1,1197.0
Instax Shop,FBO,0173798055-0373-1,delivered,2026-08-16T07:50:29.903843Z,0173798055-0373,1,1197.0
Instax Shop,FBO,0157245517-0008-1,delivered,2026-08-16T08:10:05.195821Z,0157245517-0008,1,947.0
Instax Shop,FBO,89832466-0652-1,cancelled,2026-08-16T08:30:54.143566Z,89832466-0652,1,1197.0
Instax Shop,FBO,34839683-0329-1,delivered,2026-08-16T08:50:47.949666Z,34839683-0329,1,1097.0
Instax Shop,FBO,0169039208-0219-2,delivered,2026-08-16T09:07:14.502236Z,0169039208-0219,1,1197.0
Instax Shop,FBO,75558285-0154-1,delivered,2026-08-16T09:07:20.275315Z,75558285-0154,1,1197.0
Instax Shop,FBO,0248914609-0036-1,delivered,2026-08-16T09:29:48.182006Z,0248914609-0036,1,1197.0
Instax Shop,FBO,53103143-0255-1,delivered,2026-08-16T09:57:42.978590Z,53103143-0255,1,1197.0
Instax Shop,FBO,90985861-0224-1,delivered,2026-08-16T10:19:53.472139Z,90985861-0224,1,1197.0
Instax Shop,FBO,44019566-0058-1,delivered,2026-08-16T10:27:13.093518Z,44019566-0058,1,1197.0
Instax Shop,FBO,26076726-0196-1,delivered,2026-08-16T10:28:02.060930Z,26076726-0196,1,1197.0
Instax Shop,FBO,46378354-0582-1,delivered,2026-08-16T10:36:38.044800Z,46378354-0582,1,1197.0
Instax Shop,FBO,28549021-0187-1,delivered,2026-08-16T10:45:53.343596Z,28549021-0187,1,1197.0
Instax Shop,FBO,0200758234-0170-1,delivered,2026-08-16T11:14:48.828402Z,0200758234-0170,1,1197.0
Instax Shop,FBO,0190037070-0144-1,delivered,2026-08-16T11:36:35.938959Z,0190037070-0144,1,1197.0
Instax Shop,FBO,0101453609-0106-1,delivered,2026-08-16T11:56:52.118160Z,0101453609-0106,1,1197.0
Instax Shop,FBO,0155110555-0011-1,delivered,2026-08-16T12:05:16.906106Z,0155110555-0011,1,1197.0
Instax Shop,FBO,0122118553-0070-1,delivered,2026-08-16T12:44:11.961319Z,0122118553-0070,1,1197.0
Instax Shop,FBO,60558168-0181-1,delivered,2026-08-16T12:51:10.533348Z,60558168-0181,1,1197.0
Instax Shop,FBO,23748734-0087-1,delivered,2026-08-16T13:08:17.392392Z,23748734-0087,1,1097.0
Instax Shop,FBO,82770673-0060-1,cancelled,2026-08-16T13:10:53.311349Z,82770673-0060,1,777.0
Instax Shop,FBO,0223339522-0039-11,delivered,2026-08-16T13:11:42.069760Z,0223339522-0039,1,1097.0
Instax Shop,FBO,74129429-0611-3,cancelled,2026-08-16T13:25:58.923217Z,74129429-0611,1,1197.0
Instax Shop,FBO,47132733-0134-1,delivered,2026-08-16T13:34:10.274627Z,47132733-0134,1,1197.0
Instax Shop,FBO,57005225-0025-1,delivered,2026-08-16T14:01:07.037396Z,57005225-0025,1,1197.0
Instax Shop,FBO,0110503047-0063-1,delivered,2026-08-16T14:08:36.136963Z,0110503047-0063,1,1197.0
Instax Shop,FBO,42797188-0208-1,delivered,2026-08-16T14:21:50.038075Z,42797188-0208,1,1197.0
Instax Shop,FBO,49159849-0300-1,delivered,2026-08-16T14:29:56.655566Z,49159849-0300,1,1097.0
Instax Shop,FBO,68203858-0052-1,delivered,2026-08-16T14:37:41.591603Z,68203858-0052,1,1197.0
Instax Shop,FBO,0111546335-0088-5,delivered,2026-08-16T14:38:59.679744Z,0111546335-0088,1,1197.0
Instax Shop,FBO,32032326-0296-1,delivered,2026-08-16T15:22:29.817008Z,32032326-0296,1,1097.0
Instax Shop,FBO,06170845-0595-1,delivered,2026-08-16T15:22:51.209046Z,06170845-0595,1,1197.0
Instax Shop,FBO,50804649-0478-1,delivered,2026-08-16T15:34:22.858815Z,50804649-0478,1,1097.0
Instax Shop,FBO,60728200-0535-1,cancelled,2026-08-16T15:46:08.827846Z,60728200-0535,1,1097.0
Instax Shop,FBO,09881914-0723-1,delivered,2026-08-16T15:55:47.649410Z,09881914-0723,1,1197.0
Instax Shop,FBO,0101462671-0263-1,delivered,2026-08-16T16:04:17.733292Z,0101462671-0263,1,1197.0
Instax Shop,FBO,66546350-0194-14,delivered,2026-08-16T16:16:37.057805Z,66546350-0194,1,1097.0
Instax Shop,FBO,0262951405-0007-1,cancelled,2026-08-16T16:24:41.111601Z,0262951405-0007,1,1197.0
Instax Shop,FBO,58459983-1088-1,cancelled,2026-08-16T16:35:35.144277Z,58459983-1088,1,777.0
Instax Shop,FBO,0144647631-0008-1,delivered,2026-08-16T16:37:56.863914Z,0144647631-0008,1,1097.0
Instax Shop,FBO,0161751076-0106-1,delivered,2026-08-16T16:48:35.751184Z,0161751076-0106,1,1197.0
Instax Shop,FBO,14933840-0641-1,cancelled,2026-08-16T16:53:47.296290Z,14933840-0641,1,1197.0
Instax Shop,FBO,69805828-0379-1,delivered,2026-08-16T17:08:01.888411Z,69805828-0379,1,1097.0
Instax Shop,FBO,0267949181-0007-1,delivered,2026-08-16T17:30:47.288998Z,0267949181-0007,1,1197.0
Instax Shop,FBO,51932333-0516-1,cancelled,2026-08-16T17:41:05.957586Z,51932333-0516,1,1197.0
Instax Shop,FBO,0125832075-0062-1,delivered,2026-08-16T17:47:12.850799Z,0125832075-0062,1,777.0
Instax Shop,FBO,50714455-0025-1,delivered,2026-08-16T17:55:21.076535Z,50714455-0025,1,1197.0
Instax Shop,FBO,04994133-0546-2,delivered,2026-08-16T18:03:19.144804Z,04994133-0546,1,1197.0
Instax Shop,FBO,0103103368-0306-1,delivered,2026-08-16T18:15:50.605512Z,0103103368-0306,1,1197.0
Instax Shop,FBO,0147160200-0055-3,delivered,2026-08-16T18:19:00.989437Z,0147160200-0055,1,1197.0
Instax Shop,FBO,73956159-0085-1,delivered,2026-08-16T18:31:23.396515Z,73956159-0085,1,1197.0
Instax Shop,FBO,95198955-0175-2,delivered,2026-08-16T18:32:24.549921Z,95198955-0175,1,1197.0
Instax Shop,FBO,36857337-0036-1,delivered,2026-08-16T18:37:31.500817Z,36857337-0036,1,1197.0
Instax Shop,FBO,0262951405-0008-1,delivered,2026-08-16T18:45:50.114349Z,0262951405-0008,1,1197.0
Instax Shop,FBO,0204571893-0201-1,delivered,2026-08-16T18:47:49.513494Z,0204571893-0201,1,1197.0
Instax Shop,FBO,68546591-0338-1,cancelled,2026-08-16T18:59:54.000875Z,68546591-0338,1,1097.0
Instax Shop,FBO,28084407-0519-2,delivered,2026-08-16T19:41:12.446852Z,28084407-0519,1,1197.0
Instax Shop,FBO,73147652-0256-1,delivered,2026-08-16T19:52:18.652302Z,73147652-0256,1,777.0
Instax Shop,FBO,0129318112-0054-5,cancelled,2026-08-16T20:38:31.261517Z,0129318112-0054,1,1197.0
Instax Shop,FBO,0131582979-0452-1,delivered,2026-08-16T20:53:41.126885Z,0131582979-0452,1,1197.0
Instax Shop,FBO,77968667-0133-1,delivered,2026-08-16T21:17:13.382527Z,77968667-0133,1,1097.0
Instax Shop,FBO,87537165-0191-1,delivered,2026-08-17T03:19:28.812260Z,87537165-0191,1,1197.0
Instax Shop,FBO,45661290-0245-1,delivered,2026-08-17T03:31:12.256263Z,45661290-0245,1,1197.0
Instax Shop,FBO,28002242-0590-1,delivered,2026-08-17T03:39:43.334530Z,28002242-0590,1,1197.0
Instax Shop,FBO,74421841-0112-1,cancelled,2026-08-17T04:31:04.800920Z,74421841-0112,1,1197.0
Instax Shop,FBO,52088626-0496-1,delivered,2026-08-17T04:41:46.131993Z,52088626-0496,1,1097.0
Instax Shop,FBO,0108487165-0011-2,delivered,2026-08-17T04:46:28.776887Z,0108487165-0011,1,1197.0
Instax Shop,FBO,83007870-0297-1,delivered,2026-08-17T05:18:19.369612Z,83007870-0297,1,1097.0
Instax Shop,FBO,56077458-0148-1,delivered,2026-08-17T05:37:16.429235Z,56077458-0148,1,1197.0
Instax Shop,FBO,99219719-0044-1,delivered,2026-08-17T05:51:05.714997Z,99219719-0044,1,597.0
Instax Shop,FBO,86723909-0609-1,delivered,2026-08-17T06:05:19.685882Z,86723909-0609,1,1197.0
Instax Shop,FBO,0165227622-0215-2,delivered,2026-08-17T06:19:21.369231Z,0165227622-0215,1,597.0
Instax Shop,FBO,0206935408-0230-2,cancelled,2026-08-17T06:21:56.852217Z,0206935408-0230,1,1197.0
Instax Shop,FBO,0157829917-0055-1,delivered,2026-08-17T06:28:13.460097Z,0157829917-0055,1,1197.0
Instax Shop,FBO,0126901426-0031-1,delivered,2026-08-17T06:42:49.348532Z,0126901426-0031,1,1197.0
Instax Shop,FBO,33239988-0125-1,delivered,2026-08-17T06:49:09.800195Z,33239988-0125,1,1097.0
Instax Shop,FBO,07803092-0284-6,delivered,2026-08-17T06:53:09.503709Z,07803092-0284,1,1097.0
Instax Shop,FBO,31803286-0387-1,delivered,2026-08-17T07:11:20.907242Z,31803286-0387,1,1097.0
Instax Shop,FBO,87130337-0309-1,delivered,2026-08-17T07:22:06.179787Z,87130337-0309,1,1197.0
Instax Shop,FBO,0148680425-0094-1,delivered,2026-08-17T07:28:57.601054Z,0148680425-0094,1,1197.0
Instax Shop,FBO,05069334-0384-1,delivered,2026-08-17T07:46:26.021163Z,05069334-0384,1,1197.0
Instax Shop,FBO,0122103837-0148-1,delivered,2026-08-17T07:47:34.183477Z,0122103837-0148,1,677.0
Instax Shop,FBO,61676667-0339-2,cancelled,2026-08-17T08:00:12.146687Z,61676667-0339,1,1197.0
Instax Shop,FBO,11170390-0292-1,delivered,2026-08-17T08:26:50.460715Z,11170390-0292,1,947.0
Instax Shop,FBO,0143626624-0022-1,delivered,2026-08-17T08:28:10.973398Z,0143626624-0022,1,1197.0
Instax Shop,FBO,0240273862-0043-1,delivered,2026-08-17T08:30:31.753635Z,0240273862-0043,1,1197.0
Instax Shop,FBO,0157680432-0137-6,delivered,2026-08-17T08:34:20.770596Z,0157680432-0137,1,1197.0
Instax Shop,FBO,0231574863-0065-1,delivered,2026-08-17T08:52:42.814998Z,0231574863-0065,1,1197.0
Instax Shop,FBO,47347946-0160-2,delivered,2026-08-17T09:00:38.536370Z,47347946-0160,1,777.0
Instax Shop,FBO,0159499326-0118-1,delivered,2026-08-17T09:05:04.054913Z,0159499326-0118,1,597.0
Instax Shop,FBO,34478540-0274-1,delivered,2026-08-17T09:11:05.850399Z,34478540-0274,1,1197.0
Instax Shop,FBO,03482246-0641-1,delivered,2026-08-17T09:18:35.078482Z,03482246-0641,1,1197.0
Instax Shop,FBO,0104008976-0552-1,delivered,2026-08-17T09:25:58.823128Z,0104008976-0552,1,1197.0
Instax Shop,FBO,07913177-0296-1,delivered,2026-08-17T09:39:22.034682Z,07913177-0296,1,1197.0
Instax Shop,FBO,33921416-0281-2,delivered,2026-08-17T09:53:37.341532Z,33921416-0281,1,1197.0
Instax Shop,FBO,0151953302-0289-1,cancelled,2026-08-17T10:29:36.509108Z,0151953302-0289,1,777.0
Instax Shop,FBO,75384106-0058-1,delivered,2026-08-17T10:56:34.955227Z,75384106-0058,1,1197.0
Instax Shop,FBO,09372697-0347-1,delivered,2026-08-17T11:06:07.943696Z,09372697-0347,1,1197.0
Instax Shop,FBO,03896199-0272-1,delivered,2026-08-17T11:21:47.205513Z,03896199-0272,1,1197.0
Instax Shop,FBO,62232150-0120-1,delivered,2026-08-17T11:52:34.671840Z,62232150-0120,1,1197.0
Instax Shop,FBO,79860598-0035-1,delivered,2026-08-17T11:55:44.222093Z,79860598-0035,1,1197.0
Instax Shop,FBO,0107458199-0039-1,delivered,2026-08-17T11:57:07.555095Z,0107458199-0039,1,1197.0
Instax Shop,FBO,77434550-0297-1,cancelled,2026-08-17T12:12:53.967752Z,77434550-0297,1,1197.0
Instax Shop,FBO,42252142-0412-1,cancelled,2026-08-17T12:16:14.914580Z,42252142-0412,1,1197.0
Instax Shop,FBO,67722401-0667-1,delivered,2026-08-17T12:20:52.517504Z,67722401-0667,1,1197.0
Instax Shop,FBO,47217556-0266-1,delivered,2026-08-17T12:26:17.517484Z,47217556-0266,1,1097.0
Instax Shop,FBO,37863352-0157-1,delivered,2026-08-17T13:31:34.411554Z,37863352-0157,1,1197.0
Instax Shop,FBO,46467525-0106-1,delivered,2026-08-17T13:34:11.114665Z,46467525-0106,1,1197.0
Instax Shop,FBO,0103269645-0005-11,delivered,2026-08-17T14:25:42.995464Z,0103269645-0005,1,1197.0
Instax Shop,FBO,0163114745-0080-1,delivered,2026-08-17T14:26:57.938162Z,0163114745-0080,1,1197.0
Instax Shop,FBO,15415801-0436-1,cancelled,2026-08-17T14:29:42.370396Z,15415801-0436,1,1197.0
Instax Shop,FBO,0215921950-0030-1,delivered,2026-08-17T14:37:38.306963Z,0215921950-0030,1,1197.0
Instax Shop,FBO,0182220364-0335-1,delivered,2026-08-17T14:38:16.252968Z,0182220364-0335,1,1197.0
Instax Shop,FBO,26225754-0294-1,delivered,2026-08-17T15:05:21.006283Z,26225754-0294,1,1197.0
Instax Shop,FBO,82978458-0164-1,delivered,2026-08-17T15:06:29.847417Z,82978458-0164,1,1197.0
Instax Shop,FBO,13952871-0213-1,delivered,2026-08-17T15:17:34.069979Z,13952871-0213,1,1097.0
Instax Shop,FBO,50011146-0161-1,delivered,2026-08-17T15:35:58.323760Z,50011146-0161,1,1097.0
Instax Shop,FBO,38718339-0244-1,delivered,2026-08-17T15:45:53.946772Z,38718339-0244,1,1197.0
Instax Shop,FBO,0142144564-0698-1,delivered,2026-08-17T15:58:24.902829Z,0142144564-0698,1,1097.0
Instax Shop,FBO,96519600-0018-1,cancelled,2026-08-17T16:15:21.634834Z,96519600-0018,1,1197.0
Instax Shop,FBO,29164580-0010-1,delivered,2026-08-17T16:26:26.276303Z,29164580-0010,1,1197.0
Instax Shop,FBO,41151289-0166-3,delivered,2026-08-17T16:38:11.015906Z,41151289-0166,1,1197.0
Instax Shop,FBO,0262951405-0010-1,delivered,2026-08-17T16:41:26.591398Z,0262951405-0010,1,1197.0
Instax Shop,FBO,73166674-0044-1,cancelled,2026-08-17T16:44:44.327718Z,73166674-0044,1,1197.0
Instax Shop,FBO,0126118637-0140-1,delivered,2026-08-17T16:55:50.464021Z,0126118637-0140,1,1197.0
Instax Shop,FBO,68850906-0352-1,delivered,2026-08-17T16:58:48.224347Z,68850906-0352,1,1097.0
Instax Shop,FBO,26935549-0317-1,delivered,2026-08-17T17:29:19.908285Z,26935549-0317,1,1197.0
Instax Shop,FBO,0269235678-0005-1,cancelled,2026-08-17T18:23:53.547250Z,0269235678-0005,1,1097.0
Instax Shop,FBO,0145135354-0048-2,delivered,2026-08-17T18:34:25.530764Z,0145135354-0048,1,1197.0
Instax Shop,FBO,0136642872-0103-3,delivered,2026-08-17T18:40:48.691745Z,0136642872-0103,1,777.0
Instax Shop,FBO,0169307858-0178-1,delivered,2026-08-17T18:55:06.132683Z,0169307858-0178,1,1197.0
Instax Shop,FBO,49033043-0322-3,delivered,2026-08-17T19:00:29.027117Z,49033043-0322,1,1197.0
Instax Shop,FBO,0239950066-0032-1,delivered,2026-08-17T19:19:58.846528Z,0239950066-0032,1,1097.0
Instax Shop,FBO,25248826-1211-1,delivered,2026-08-17T19:34:52.193172Z,25248826-1211,1,1197.0
Instax Shop,FBO,32041164-0045-1,delivered,2026-08-17T20:29:08.122583Z,32041164-0045,1,1197.0
Instax Shop,FBO,01881486-0555-2,delivered,2026-08-17T20:34:56.829113Z,01881486-0555,1,1197.0
Instax Shop,FBO,73956159-0087-1,delivered,2026-08-17T21:09:43.561976Z,73956159-0087,1,1197.0
Instax Shop,FBO,03709642-0262-1,delivered,2026-08-17T23:27:46.692382Z,03709642-0262,1,1197.0
Instax Shop,FBO,76457949-0152-1,cancelled,2026-08-18T00:07:10.413089Z,76457949-0152,1,677.0
Instax Shop,FBO,51548651-0050-1,delivered,2026-08-18T01:02:32.809720Z,51548651-0050,1,1197.0
Instax Shop,FBO,31261519-0964-1,delivered,2026-08-18T01:37:00.565075Z,31261519-0964,1,677.0
Instax Shop,FBO,45968653-0091-2,delivered,2026-08-18T02:19:20.180319Z,45968653-0091,1,1197.0
Instax Shop,FBO,0101630616-0194-1,delivered,2026-08-18T02:20:47.045478Z,0101630616-0194,1,1197.0
Instax Shop,FBO,0100014059-0343-1,delivered,2026-08-18T02:31:51.965942Z,0100014059-0343,1,1097.0
Instax Shop,FBO,0129901675-0161-1,delivered,2026-08-18T02:54:54.696637Z,0129901675-0161,1,1197.0
Instax Shop,FBO,0168096602-0328-1,delivered,2026-08-18T03:18:30.548904Z,0168096602-0328,1,1197.0
Instax Shop,FBO,0160674405-0089-1,delivered,2026-08-18T04:32:15.785459Z,0160674405-0089,1,1197.0
Instax Shop,FBO,06290986-0080-1,delivered,2026-08-18T05:57:08.624526Z,06290986-0080,1,1197.0
Instax Shop,FBO,55006692-0055-1,delivered,2026-08-18T06:05:40.978077Z,55006692-0055,1,597.0
Instax Shop,FBO,78921396-0141-3,delivered,2026-08-18T06:28:51.583015Z,78921396-0141,1,1097.0
Instax Shop,FBO,0150967075-0127-1,delivered,2026-08-18T06:41:08.315644Z,0150967075-0127,1,1197.0
Instax Shop,FBO,45992534-0208-3,delivered,2026-08-18T07:03:03.470233Z,45992534-0208,1,1197.0
Instax Shop,FBO,40249302-0185-1,delivered,2026-08-18T07:05:22.343925Z,40249302-0185,1,1097.0
Instax Shop,FBO,40249302-0185-2,delivered,2026-08-18T07:05:22.343925Z,40249302-0185,1,1097.0
Instax Shop,FBO,40249302-0185-3,delivered,2026-08-18T07:05:22.343925Z,40249302-0185,1,1097.0
Instax Shop,FBO,40249302-0185-5,delivered,2026-08-18T07:05:22.343925Z,40249302-0185,1,1097.0
Instax Shop,FBO,40249302-0185-7,delivered,2026-08-18T07:05:22.343925Z,40249302-0185,1,1097.0
Instax Shop,FBO,40249302-0185-9,delivered,2026-08-18T07:05:22.343925Z,40249302-0185,1,1097.0
Instax Shop,FBO,0232738551-0021-1,delivered,2026-08-18T07:28:23.914956Z,0232738551-0021,1,1097.0
Instax Shop,FBO,47849327-0103-1,delivered,2026-08-18T07:40:48.638164Z,47849327-0103,1,1197.0
Instax Shop,FBO,44574303-0242-1,delivered,2026-08-18T08:04:12.256120Z,44574303-0242,1,1097.0
Instax Shop,FBO,03627952-0720-1,delivered,2026-08-18T08:15:37.635634Z,03627952-0720,1,1197.0
Instax Shop,FBO,03031673-2046-1,delivered,2026-08-18T08:39:44.466553Z,03031673-2046,1,1197.0
Instax Shop,FBO,80617053-0338-2,delivered,2026-08-18T09:00:14.624192Z,80617053-0338,1,1197.0
Instax Shop,FBO,70708787-0097-1,cancelled,2026-08-18T09:05:23.107849Z,70708787-0097,1,1197.0
Instax Shop,FBO,0138252847-0033-1,delivered,2026-08-18T09:05:52.223473Z,0138252847-0033,1,1197.0
Instax Shop,FBO,0153931331-0095-1,cancelled,2026-08-18T09:12:40.643835Z,0153931331-0095,1,1197.0
Instax Shop,FBO,65713166-0027-2,delivered,2026-08-18T09:26:24.868264Z,65713166-0027,1,1097.0
Instax Shop,FBO,87684266-0472-1,delivered,2026-08-18T09:38:47.112206Z,87684266-0472,1,1197.0
Instax Shop,FBO,28441746-2439-4,delivered,2026-08-18T09:51:56.499353Z,28441746-2439,1,1197.0
Instax Shop,FBO,29985979-0807-3,cancelled,2026-08-18T09:58:21.021004Z,29985979-0807,1,597.0
Instax Shop,FBO,0102437517-0641-1,delivered,2026-08-18T10:01:53.965142Z,0102437517-0641,1,777.0
Instax Shop,FBO,62024443-0947-1,delivered,2026-08-18T10:03:51.247093Z,62024443-0947,1,1197.0
Instax Shop,FBO,46596474-0570-1,delivered,2026-08-18T10:27:25.730077Z,46596474-0570,1,1197.0
Instax Shop,FBO,0173347079-0152-1,delivered,2026-08-18T10:32:57.753687Z,0173347079-0152,1,1197.0
Instax Shop,FBO,91603133-0148-1,delivered,2026-08-18T10:42:57.233182Z,91603133-0148,1,1197.0
Instax Shop,FBO,0205990308-0153-1,delivered,2026-08-18T10:54:30.097011Z,0205990308-0153,1,1197.0
Instax Shop,FBO,0188736768-0424-1,delivered,2026-08-18T11:29:19.483290Z,0188736768-0424,1,1197.0
Instax Shop,FBO,90812495-0096-1,cancelled,2026-08-18T11:32:32.688950Z,90812495-0096,1,1197.0
Instax Shop,FBO,37105518-0106-2,delivered,2026-08-18T12:10:48.037609Z,37105518-0106,1,597.0
Instax Shop,FBO,0149301046-0163-2,cancelled,2026-08-18T12:11:38.576320Z,0149301046-0163,1,1197.0
Instax Shop,FBO,0116078799-0056-1,delivered,2026-08-18T12:19:26.581830Z,0116078799-0056,1,1097.0
Instax Shop,FBO,0111079958-0212-1,delivered,2026-08-18T12:25:05.092888Z,0111079958-0212,1,677.0
Instax Shop,FBO,30901055-0336-2,delivered,2026-08-18T12:39:45.818007Z,30901055-0336,1,777.0
Instax Shop,FBO,0115798942-0031-1,delivered,2026-08-18T12:48:13.648340Z,0115798942-0031,1,1197.0
Instax Shop,FBO,26076726-0197-1,delivered,2026-08-18T12:49:22.263595Z,26076726-0197,1,1197.0
Instax Shop,FBO,0140382841-0024-1,delivered,2026-08-18T13:08:30.046400Z,0140382841-0024,1,1197.0
Instax Shop,FBO,0134242734-0105-1,delivered,2026-08-18T13:34:06.011162Z,0134242734-0105,1,1197.0
Instax Shop,FBO,36340408-0234-1,delivered,2026-08-18T13:42:44.252577Z,36340408-0234,1,597.0
Instax Shop,FBO,25249774-0559-1,delivered,2026-08-18T13:44:01.833279Z,25249774-0559,1,1197.0
Instax Shop,FBO,78821094-0213-3,cancelled,2026-08-18T13:45:21.071457Z,78821094-0213,1,1097.0
Instax Shop,FBO,0146036176-0093-1,delivered,2026-08-18T13:47:17.524505Z,0146036176-0093,1,1197.0
Instax Shop,FBO,0172080036-0067-1,delivered,2026-08-18T14:24:34.781729Z,0172080036-0067,1,1197.0
Instax Shop,FBO,63675864-0075-3,delivered,2026-08-18T14:25:07.967675Z,63675864-0075,1,1197.0
Instax Shop,FBO,47059539-0502-1,delivered,2026-08-18T15:54:14.407644Z,47059539-0502,1,1197.0
Instax Shop,FBO,89226585-0139-2,delivered,2026-08-18T16:36:55.728323Z,89226585-0139,1,677.0
Instax Shop,FBO,39275550-0319-1,delivered,2026-08-18T16:39:43.775155Z,39275550-0319,1,1197.0
Instax Shop,FBO,0144092692-0090-1,cancelled,2026-08-18T16:41:27.031819Z,0144092692-0090,1,1197.0
Instax Shop,FBO,0144092692-0090-2,delivered,2026-08-18T16:41:27.031819Z,0144092692-0090,1,1197.0
Instax Shop,FBO,0108049954-0052-1,delivered,2026-08-18T16:42:24.609006Z,0108049954-0052,1,1197.0
Instax Shop,FBO,88564822-0127-3,delivered,2026-08-18T16:50:32.730244Z,88564822-0127,1,1197.0
Instax Shop,FBO,67173101-0632-5,delivered,2026-08-18T16:57:49.103943Z,67173101-0632,1,1197.0
Instax Shop,FBO,25638455-0179-1,delivered,2026-08-18T17:08:36.496335Z,25638455-0179,1,1197.0
Instax Shop,FBO,47747159-1229-1,delivered,2026-08-18T17:32:17.239497Z,47747159-1229,1,1097.0
Instax Shop,FBO,34674461-0164-1,delivered,2026-08-18T17:57:54.493519Z,34674461-0164,1,1097.0
Instax Shop,FBO,35033012-0110-1,delivered,2026-08-18T18:03:41.454627Z,35033012-0110,1,1097.0
Instax Shop,FBO,62573903-0435-1,delivered,2026-08-18T18:17:23.817660Z,62573903-0435,1,1197.0
Instax Shop,FBO,0247644506-0062-1,cancelled,2026-08-18T18:43:05.147028Z,0247644506-0062,1,777.0
Instax Shop,FBO,51968876-0166-3,cancelled,2026-08-18T18:57:01.204486Z,51968876-0166,1,1197.0
Instax Shop,FBO,71466112-0580-1,cancelled,2026-08-18T19:00:48.329324Z,71466112-0580,1,1197.0
Instax Shop,FBO,0142410049-0040-1,delivered,2026-08-18T19:58:48.247032Z,0142410049-0040,1,1197.0
Instax Shop,FBO,0176369786-0012-1,cancelled,2026-08-18T20:06:58.690452Z,0176369786-0012,1,1097.0
Instax Shop,FBO,0176369786-0012-7,delivered,2026-08-18T20:06:58.690452Z,0176369786-0012,1,1097.0
Instax Shop,FBO,51492588-0326-1,delivered,2026-08-18T20:18:42.868020Z,51492588-0326,1,1197.0
Instax Shop,FBO,93031128-0217-1,delivered,2026-08-18T20:25:48.364983Z,93031128-0217,1,1197.0
Instax Shop,FBO,25341868-0277-1,delivered,2026-08-18T21:47:00.227002Z,25341868-0277,1,1197.0
Instax Shop,FBO,0197989503-0016-1,delivered,2026-08-18T23:59:50.015023Z,0197989503-0016,1,597.0
Instax Shop,FBO,0192852567-0131-1,delivered,2026-08-19T02:03:25.265313Z,0192852567-0131,1,1197.0
Instax Shop,FBO,73608690-0296-2,delivered,2026-08-19T02:09:23.239215Z,73608690-0296,1,1197.0
Instax Shop,FBO,0160534960-0346-1,delivered,2026-08-19T02:10:49.086943Z,0160534960-0346,1,1197.0
Instax Shop,FBO,24102860-1747-1,delivered,2026-08-19T02:22:01.448080Z,24102860-1747,1,1197.0
Instax Shop,FBO,09244721-0206-1,delivered,2026-08-19T02:30:49.976511Z,09244721-0206,1,1197.0
Instax Shop,FBO,0201054100-0186-1,delivered,2026-08-19T03:25:41.496442Z,0201054100-0186,1,1197.0
Instax Shop,FBO,63286488-0436-1,delivered,2026-08-19T03:58:45.013911Z,63286488-0436,1,777.0
Instax Shop,FBO,53080938-0199-1,delivered,2026-08-19T04:15:26.907527Z,53080938-0199,1,1197.0
Instax Shop,FBO,0151142877-0030-1,delivered,2026-08-19T04:16:51.929371Z,0151142877-0030,1,1197.0
Instax Shop,FBO,81591173-0196-1,delivered,2026-08-19T05:30:10.320949Z,81591173-0196,1,1197.0
Instax Shop,FBO,0126655713-0070-1,delivered,2026-08-19T05:34:52.906034Z,0126655713-0070,1,1197.0
Instax Shop,FBO,76882014-0243-1,delivered,2026-08-19T06:01:25.003467Z,76882014-0243,1,1197.0
Instax Shop,FBO,0128695681-0045-1,delivered,2026-08-19T06:04:41.746879Z,0128695681-0045,1,1197.0
Instax Shop,FBO,40501297-0090-1,delivered,2026-08-19T06:25:44.364913Z,40501297-0090,1,1197.0
Instax Shop,FBO,46738359-0019-1,delivered,2026-08-19T06:42:18.543928Z,46738359-0019,1,1097.0
Instax Shop,FBO,87443679-0330-1,cancelled,2026-08-19T06:49:16.076094Z,87443679-0330,1,1197.0
Instax Shop,FBO,0160971745-0029-1,delivered,2026-08-19T07:04:06.035135Z,0160971745-0029,1,1197.0
Instax Shop,FBO,0128901827-0044-1,delivered,2026-08-19T07:06:31.907322Z,0128901827-0044,1,1197.0
Instax Shop,FBO,48929736-0187-1,cancelled,2026-08-19T07:29:30.913415Z,48929736-0187,1,1097.0
Instax Shop,FBO,0126748326-0268-3,delivered,2026-08-19T07:35:29.418150Z,0126748326-0268,1,1197.0
Instax Shop,FBO,18087180-0177-1,delivered,2026-08-19T07:59:06.137797Z,18087180-0177,1,1197.0
Instax Shop,FBO,32444375-0226-1,delivered,2026-08-19T08:20:24.496467Z,32444375-0226,1,1097.0
Instax Shop,FBO,70771758-0256-1,delivered,2026-08-19T08:48:41.381041Z,70771758-0256,1,777.0
Instax Shop,FBO,0126147535-0254-3,delivered,2026-08-19T08:54:53.868127Z,0126147535-0254,1,1197.0
Instax Shop,FBO,55421280-0322-1,delivered,2026-08-19T09:05:42.797091Z,55421280-0322,1,1197.0
Instax Shop,FBO,81142716-0113-1,delivered,2026-08-19T09:19:10.619151Z,81142716-0113,1,1097.0
Instax Shop,FBO,45399440-0249-9,delivered,2026-08-19T09:25:52.469061Z,45399440-0249,1,1097.0
Instax Shop,FBO,52335490-0265-1,delivered,2026-08-19T09:47:24.337295Z,52335490-0265,1,1197.0
Instax Shop,FBO,52335490-0265-3,delivered,2026-08-19T09:47:24.337295Z,52335490-0265,1,1197.0
Instax Shop,FBO,0124833864-0032-1,delivered,2026-08-19T09:53:40.758120Z,0124833864-0032,1,1197.0
Instax Shop,FBO,0224023640-0053-1,delivered,2026-08-19T09:56:49.114660Z,0224023640-0053,1,1197.0
Instax Shop,FBO,35940545-0530-1,cancelled,2026-08-19T10:01:31.987730Z,35940545-0530,1,1197.0
Instax Shop,FBO,52050408-0215-1,delivered,2026-08-19T10:07:12.708704Z,52050408-0215,1,1197.0
Instax Shop,FBO,32330766-0499-1,delivered,2026-08-19T10:15:48.294520Z,32330766-0499,1,1097.0
Instax Shop,FBO,81507283-0200-1,delivered,2026-08-19T10:20:16.769465Z,81507283-0200,1,1197.0
Instax Shop,FBO,93121724-0070-1,cancelled,2026-08-19T10:31:08.736400Z,93121724-0070,1,1197.0
Instax Shop,FBO,93121724-0071-1,delivered,2026-08-19T10:32:16.722150Z,93121724-0071,1,1197.0
Instax Shop,FBO,93671570-0417-1,delivered,2026-08-19T10:48:02.170265Z,93671570-0417,1,1197.0
Instax Shop,FBO,46502314-0202-1,delivered,2026-08-19T10:56:33.205789Z,46502314-0202,1,1197.0
Instax Shop,FBO,0171329313-0127-1,delivered,2026-08-19T11:03:56.826245Z,0171329313-0127,1,1197.0
Instax Shop,FBO,0112975386-0022-1,delivered,2026-08-19T11:06:01.167936Z,0112975386-0022,1,1097.0
Instax Shop,FBO,61109512-0245-1,delivered,2026-08-19T11:07:02.670058Z,61109512-0245,1,777.0
Instax Shop,FBO,42398980-0116-1,cancelled,2026-08-19T11:08:26.525311Z,42398980-0116,1,1097.0
Instax Shop,FBO,68938388-0180-1,delivered,2026-08-19T11:12:57.768582Z,68938388-0180,1,1197.0
Instax Shop,FBO,45937575-0398-1,delivered,2026-08-19T12:50:40.310862Z,45937575-0398,1,1197.0
Instax Shop,FBO,45937575-0398-3,delivered,2026-08-19T12:50:40.310862Z,45937575-0398,1,1197.0
Instax Shop,FBO,0224069382-0024-3,delivered,2026-08-19T13:20:54.144073Z,0224069382-0024,1,1197.0
Instax Shop,FBO,62720949-0075-2,delivered,2026-08-19T13:27:53.446019Z,62720949-0075,1,777.0
Instax Shop,FBO,03192048-0199-1,cancelled,2026-08-19T13:28:17.579038Z,03192048-0199,1,1197.0
Instax Shop,FBO,03192048-0200-1,delivered,2026-08-19T13:30:21.326028Z,03192048-0200,1,1197.0
Instax Shop,FBO,70956155-0261-1,delivered,2026-08-19T13:52:06.975319Z,70956155-0261,1,777.0
Instax Shop,FBO,34843498-0087-1,cancelled,2026-08-19T14:03:05.707596Z,34843498-0087,1,1197.0
Instax Shop,FBO,0143202507-0036-2,delivered,2026-08-19T14:07:19.004229Z,0143202507-0036,1,1197.0
Instax Shop,FBO,0124828910-0018-1,delivered,2026-08-19T14:07:20.235964Z,0124828910-0018,1,597.0
Instax Shop,FBO,18593417-0801-1,cancelled,2026-08-19T14:19:10.382180Z,18593417-0801,1,1197.0
Instax Shop,FBO,59474202-0879-1,delivered,2026-08-19T14:33:05.641335Z,59474202-0879,1,597.0
Instax Shop,FBO,0185812623-0211-1,delivered,2026-08-19T14:47:13.953529Z,0185812623-0211,1,1097.0
Instax Shop,FBO,77764623-0178-1,delivered,2026-08-19T15:22:33.584524Z,77764623-0178,1,1097.0
Instax Shop,FBO,86919970-0426-1,delivered,2026-08-19T15:31:21.054769Z,86919970-0426,1,1197.0
Instax Shop,FBO,69722413-0254-1,delivered,2026-08-19T16:26:58.041360Z,69722413-0254,1,1197.0
Instax Shop,FBO,69722413-0254-3,delivered,2026-08-19T16:26:58.041360Z,69722413-0254,1,1197.0
Instax Shop,FBO,63511121-0548-1,delivered,2026-08-19T16:41:57.976455Z,63511121-0548,1,1197.0
Instax Shop,FBO,0202553754-0036-1,delivered,2026-08-19T16:45:19.775354Z,0202553754-0036,1,1197.0
Instax Shop,FBO,45442081-0155-1,delivered,2026-08-19T16:58:13.925535Z,45442081-0155,1,1197.0
Instax Shop,FBO,0181402426-0006-1,delivered,2026-08-19T17:00:07.679747Z,0181402426-0006,1,777.0
Instax Shop,FBO,28549021-0189-1,delivered,2026-08-19T17:01:06.116712Z,28549021-0189,1,1197.0
Instax Shop,FBO,85722838-0211-1,cancelled,2026-08-19T17:48:54.577939Z,85722838-0211,1,947.0
Instax Shop,FBO,85722838-0212-1,delivered,2026-08-19T17:49:41.861325Z,85722838-0212,1,947.0
Instax Shop,FBO,77113166-0207-1,delivered,2026-08-19T17:53:16.652956Z,77113166-0207,1,1097.0
Instax Shop,FBO,44447758-0227-1,delivered,2026-08-19T18:10:54.203458Z,44447758-0227,1,777.0
Instax Shop,FBO,28839599-0126-1,delivered,2026-08-19T18:12:28.743042Z,28839599-0126,1,1197.0
Instax Shop,FBO,98717129-0090-1,delivered,2026-08-19T18:19:35.950490Z,98717129-0090,1,1197.0
Instax Shop,FBO,0134879558-0059-1,delivered,2026-08-19T18:53:49.765932Z,0134879558-0059,1,1197.0
Instax Shop,FBO,75062786-0888-1,cancelled,2026-08-19T18:54:14.993512Z,75062786-0888,1,1197.0
Instax Shop,FBO,32883440-0392-1,cancelled,2026-08-19T18:58:59.320049Z,32883440-0392,1,1197.0
Instax Shop,FBO,36200119-0136-1,delivered,2026-08-19T19:00:18.979682Z,36200119-0136,1,947.0
Instax Shop,FBO,75062786-0889-2,cancelled,2026-08-19T19:33:05.726753Z,75062786-0889,1,1197.0
Instax Shop,FBO,91285098-0023-1,delivered,2026-08-19T19:34:27.731302Z,91285098-0023,1,777.0
Instax Shop,FBO,63394492-0372-1,delivered,2026-08-19T19:38:41.651644Z,63394492-0372,1,1197.0
Instax Shop,FBO,41568183-0264-1,delivered,2026-08-19T19:40:18.536263Z,41568183-0264,1,1197.0
Instax Shop,FBO,0100692624-0054-1,delivered,2026-08-19T20:01:38.530200Z,0100692624-0054,1,1197.0
Instax Shop,FBO,75753773-0074-2,delivered,2026-08-19T20:15:45.823621Z,75753773-0074,1,1197.0
Instax Shop,FBO,0115652437-0327-1,cancelled,2026-08-19T20:42:46.519585Z,0115652437-0327,1,1197.0
Instax Shop,FBO,0115652437-0327-3,delivered,2026-08-19T20:42:46.519585Z,0115652437-0327,1,1197.0
Instax Shop,FBO,0166019595-0053-2,delivered,2026-08-19T21:01:16.510402Z,0166019595-0053,1,1197.0
Instax Shop,FBO,0177918334-0009-1,delivered,2026-08-19T21:02:38.043313Z,0177918334-0009,1,1197.0
Instax Shop,FBO,03343037-0627-1,delivered,2026-08-19T21:03:58.586548Z,03343037-0627,1,1197.0
Instax Shop,FBO,94011657-0115-1,cancelled,2026-08-19T21:58:06.805708Z,94011657-0115,1,1197.0
Instax Shop,FBO,0135834386-0011-1,delivered,2026-08-19T22:01:15.278628Z,0135834386-0011,1,947.0
Instax Shop,FBO,67463020-0608-1,delivered,2026-08-20T01:07:47.998084Z,67463020-0608,1,777.0
Instax Shop,FBO,73108372-0075-1,delivered,2026-08-20T02:55:15.558300Z,73108372-0075,1,1197.0
Instax Shop,FBO,57192061-0011-1,delivered,2026-08-20T03:29:57.270732Z,57192061-0011,1,1197.0
Instax Shop,FBO,69331165-0297-1,delivered,2026-08-20T04:15:26.766422Z,69331165-0297,1,1097.0
Instax Shop,FBO,83840776-0027-1,delivered,2026-08-20T04:18:32.840244Z,83840776-0027,1,1197.0
Instax Shop,FBO,32532621-0511-1,delivered,2026-08-20T04:58:17.949716Z,32532621-0511,1,1197.0
Instax Shop,FBO,0111358539-0189-1,delivered,2026-08-20T05:34:41.250972Z,0111358539-0189,1,1197.0
Instax Shop,FBO,28699024-0106-1,delivered,2026-08-20T05:36:06.529098Z,28699024-0106,1,1197.0
Instax Shop,FBO,39964980-0186-3,cancelled,2026-08-20T05:45:12.549577Z,39964980-0186,1,1097.0
Instax Shop,FBO,21353497-1021-1,delivered,2026-08-20T05:52:37.513073Z,21353497-1021,1,1197.0
Instax Shop,FBO,33949504-0543-1,delivered,2026-08-20T06:17:58.038214Z,33949504-0543,1,1197.0
Instax Shop,FBO,61159646-0212-1,delivered,2026-08-20T07:03:34.085892Z,61159646-0212,1,1197.0
Instax Shop,FBO,92281155-0050-1,cancelled,2026-08-20T07:18:31.744536Z,92281155-0050,1,1197.0
Instax Shop,FBO,23374760-0420-1,delivered,2026-08-20T07:19:09.242933Z,23374760-0420,1,1197.0
Instax Shop,FBO,68224660-0304-1,delivered,2026-08-20T07:33:55.416625Z,68224660-0304,1,597.0
Instax Shop,FBO,65429905-0087-1,cancelled,2026-08-20T07:54:06.692210Z,65429905-0087,1,1097.0
Instax Shop,FBO,0154191556-0281-1,cancelled,2026-08-20T07:55:29.013479Z,0154191556-0281,1,777.0
Instax Shop,FBO,0159499326-0119-1,delivered,2026-08-20T08:00:42.100348Z,0159499326-0119,1,597.0
Instax Shop,FBO,44301155-0199-3,delivered,2026-08-20T08:03:26.375716Z,44301155-0199,1,1197.0
Instax Shop,FBO,82278919-0164-1,delivered,2026-08-20T08:10:59.309367Z,82278919-0164,1,1197.0
Instax Shop,FBO,43079368-0154-1,delivered,2026-08-20T08:32:05.296942Z,43079368-0154,1,597.0
Instax Shop,FBO,0208095643-0202-1,delivered,2026-08-20T08:33:47.834126Z,0208095643-0202,1,1197.0
Instax Shop,FBO,0126323734-0256-1,cancelled,2026-08-20T08:38:39.572659Z,0126323734-0256,1,1197.0
Instax Shop,FBO,42578104-0226-1,delivered,2026-08-20T09:01:24.196021Z,42578104-0226,1,1197.0
Instax Shop,FBO,0108072310-0458-1,cancelled,2026-08-20T09:09:57.497427Z,0108072310-0458,1,1097.0
Instax Shop,FBO,30477975-0528-2,delivered,2026-08-20T09:10:09.980220Z,30477975-0528,1,1197.0
Instax Shop,FBO,10093221-0474-1,delivered,2026-08-20T09:17:14.226251Z,10093221-0474,1,1197.0
Instax Shop,FBO,50269476-0143-2,delivered,2026-08-20T09:31:12.625500Z,50269476-0143,1,1197.0
Instax Shop,FBO,0147630619-0093-1,delivered,2026-08-20T10:17:15.310301Z,0147630619-0093,1,1197.0
Instax Shop,FBO,15415801-0437-1,delivered,2026-08-20T10:18:43.051380Z,15415801-0437,1,1097.0
Instax Shop,FBO,0254182198-0005-1,delivered,2026-08-20T11:28:30.852721Z,0254182198-0005,1,1097.0
Instax Shop,FBO,44362216-0153-1,delivered,2026-08-20T11:29:13.242863Z,44362216-0153,1,1197.0
Instax Shop,FBO,47296344-0101-2,delivered,2026-08-20T11:46:30.628911Z,47296344-0101,1,1197.0
Instax Shop,FBO,57247646-0744-1,cancelled,2026-08-20T11:58:08.051101Z,57247646-0744,1,1197.0
Instax Shop,FBO,29760691-0105-1,cancelled,2026-08-20T12:05:25.693126Z,29760691-0105,1,1097.0
Instax Shop,FBO,29760691-0106-1,delivered,2026-08-20T12:08:28.418274Z,29760691-0106,1,1197.0
Instax Shop,FBO,0192906333-0044-4,delivered,2026-08-20T12:14:57.934367Z,0192906333-0044,1,1097.0
Instax Shop,FBO,98832700-0277-1,delivered,2026-08-20T12:18:35.459890Z,98832700-0277,1,1097.0
Instax Shop,FBO,38050354-0539-1,cancelled,2026-08-20T12:42:22.019356Z,38050354-0539,1,1197.0
Instax Shop,FBO,0125377117-0095-1,delivered,2026-08-20T13:02:40.988423Z,0125377117-0095,1,1197.0
Instax Shop,FBO,0191452649-0074-1,delivered,2026-08-20T13:27:42.133352Z,0191452649-0074,1,1197.0
Instax Shop,FBO,55653100-0486-1,cancelled,2026-08-20T13:32:20.149087Z,55653100-0486,1,597.0
Instax Shop,FBO,0134515789-0119-1,delivered,2026-08-20T13:50:53.901117Z,0134515789-0119,1,1197.0
Instax Shop,FBO,45833340-0445-1,cancelled,2026-08-20T14:23:05.447706Z,45833340-0445,1,1197.0
Instax Shop,FBO,0111987951-0132-3,delivered,2026-08-20T14:30:28.966946Z,0111987951-0132,1,1197.0
Instax Shop,FBO,48158744-1213-1,delivered,2026-08-20T14:49:21.813329Z,48158744-1213,1,1197.0
Instax Shop,FBO,30954455-0458-3,delivered,2026-08-20T15:07:41.821414Z,30954455-0458,1,1097.0
Instax Shop,FBO,92964101-0321-1,delivered,2026-08-20T15:11:19.378401Z,92964101-0321,1,1097.0
Instax Shop,FBO,0204501479-0165-1,delivered,2026-08-20T15:35:15.667175Z,0204501479-0165,1,1197.0
Instax Shop,FBO,29178424-0231-1,delivered,2026-08-20T15:41:34.506089Z,29178424-0231,1,597.0
Instax Shop,FBO,36926635-0412-1,cancelled,2026-08-20T15:47:48.809853Z,36926635-0412,1,597.0
Instax Shop,FBO,71621785-0252-1,delivered,2026-08-20T15:49:26.384901Z,71621785-0252,1,1097.0
Instax Shop,FBO,0196732587-0042-1,delivered,2026-08-20T16:02:43.973140Z,0196732587-0042,1,777.0
Instax Shop,FBO,0124436095-0318-1,delivered,2026-08-20T16:08:43.916882Z,0124436095-0318,1,1097.0
Instax Shop,FBO,60826035-0162-1,delivered,2026-08-20T16:18:22.771500Z,60826035-0162,1,1197.0
Instax Shop,FBO,74989082-0014-1,delivered,2026-08-20T16:23:33.364966Z,74989082-0014,1,1197.0
Instax Shop,FBO,0209406701-0172-1,cancelled,2026-08-20T16:29:09.926315Z,0209406701-0172,1,777.0
Instax Shop,FBO,47422472-0570-1,delivered,2026-08-20T16:44:11.907826Z,47422472-0570,1,1197.0
Instax Shop,FBO,39141903-0390-1,delivered,2026-08-20T17:29:24.992287Z,39141903-0390,1,1197.0
Instax Shop,FBO,0149097809-0107-1,cancelled,2026-08-20T17:33:38.796229Z,0149097809-0107,1,1197.0
Instax Shop,FBO,59636190-0360-1,delivered,2026-08-20T17:47:29.232597Z,59636190-0360,1,1197.0
Instax Shop,FBO,0128695681-0046-1,delivered,2026-08-20T18:07:55.326142Z,0128695681-0046,1,1197.0
Instax Shop,FBO,0120658095-0736-2,delivered,2026-08-20T18:29:50.420878Z,0120658095-0736,1,1097.0
Instax Shop,FBO,0120658095-0736-3,delivered,2026-08-20T18:29:50.420878Z,0120658095-0736,1,1097.0
Instax Shop,FBO,0120658095-0736-13,delivered,2026-08-20T18:29:50.420878Z,0120658095-0736,1,1097.0
Instax Shop,FBO,0120658095-0736-15,delivered,2026-08-20T18:29:50.420878Z,0120658095-0736,1,1097.0
Instax Shop,FBO,71423850-0271-1,delivered,2026-08-20T18:50:41.849423Z,71423850-0271,1,1197.0
Instax Shop,FBO,51043787-0137-1,delivered,2026-08-20T18:58:35.826104Z,51043787-0137,1,1197.0
Instax Shop,FBO,0115597208-0058-1,delivered,2026-08-20T19:00:21.144979Z,0115597208-0058,1,1197.0
Instax Shop,FBO,01648806-0145-1,delivered,2026-08-20T19:08:22.184027Z,01648806-0145,1,1197.0
Instax Shop,FBO,51407862-0107-1,delivered,2026-08-20T19:20:29.377892Z,51407862-0107,1,1197.0
Instax Shop,FBO,11729506-0418-2,delivered,2026-08-20T19:22:25.498181Z,11729506-0418,1,1197.0
Instax Shop,FBO,0134441329-0250-1,delivered,2026-08-20T19:25:55.063089Z,0134441329-0250,1,1197.0
Instax Shop,FBO,46757691-0151-1,delivered,2026-08-20T19:41:46.684652Z,46757691-0151,1,1197.0
Instax Shop,FBO,66885790-0162-1,delivered,2026-08-20T19:54:22.617386Z,66885790-0162,1,1197.0
Instax Shop,FBO,17565962-1469-2,cancelled,2026-08-20T19:55:03.139054Z,17565962-1469,1,1197.0
Instax Shop,FBO,93818455-0123-1,delivered,2026-08-20T20:17:29.649129Z,93818455-0123,1,1197.0
Instax Shop,FBO,39169442-0144-1,delivered,2026-08-20T20:18:52.542084Z,39169442-0144,1,777.0
Instax Shop,FBO,0130533901-0079-1,delivered,2026-08-20T20:37:19.637547Z,0130533901-0079,1,1097.0
Instax Shop,FBO,55960233-0050-1,delivered,2026-08-20T20:46:14.602041Z,55960233-0050,1,1197.0
Instax Shop,FBO,0147392026-0118-6,delivered,2026-08-20T21:06:00.931872Z,0147392026-0118,1,1097.0
Instax Shop,FBO,09609747-1051-1,delivered,2026-08-20T21:17:55.789035Z,09609747-1051,1,1197.0
Instax Shop,FBO,04587501-0419-2,delivered,2026-08-20T21:48:06.183678Z,04587501-0419,1,1197.0
Instax Shop,FBO,09830604-0539-1,delivered,2026-08-20T22:04:37.907447Z,09830604-0539,1,1097.0
Instax Shop,FBO,0153922006-0531-1,cancelled,2026-08-21T00:07:08.238742Z,0153922006-0531,1,1077.0
Instax Shop,FBO,43768831-0165-1,delivered,2026-08-21T01:16:51.859767Z,43768831-0165,1,1097.0
Instax Shop,FBO,0208691532-0017-1,cancelled,2026-08-21T02:42:36.549803Z,0208691532-0017,1,1097.0
Instax Shop,FBO,0114021876-0272-1,delivered,2026-08-21T03:09:40.334989Z,0114021876-0272,1,1097.0
Instax Shop,FBO,72867409-0152-1,delivered,2026-08-21T03:59:06.293899Z,72867409-0152,1,1197.0
Instax Shop,FBO,06322741-0234-1,delivered,2026-08-21T04:05:55.377123Z,06322741-0234,1,1097.0
Instax Shop,FBO,94532070-0410-1,delivered,2026-08-21T04:07:54.447095Z,94532070-0410,1,1197.0
Instax Shop,FBO,02125094-0924-3,delivered,2026-08-21T04:29:00.626655Z,02125094-0924,1,1197.0
Instax Shop,FBO,47443814-0421-1,cancelled,2026-08-21T04:45:28.960204Z,47443814-0421,1,1197.0
Instax Shop,FBO,38304326-0353-1,cancelled,2026-08-21T05:07:16.792568Z,38304326-0353,1,1197.0
Instax Shop,FBO,38304326-0354-1,delivered,2026-08-21T05:07:37.003016Z,38304326-0354,1,1197.0
Instax Shop,FBO,0190842793-0132-1,delivered,2026-08-21T05:10:50.638413Z,0190842793-0132,1,1197.0
Instax Shop,FBO,90238949-0115-1,delivered,2026-08-21T05:15:41.993701Z,90238949-0115,1,1197.0
Instax Shop,FBO,07025318-0581-1,delivered,2026-08-21T05:42:46.636749Z,07025318-0581,1,1197.0
Instax Shop,FBO,0144826651-0075-1,delivered,2026-08-21T05:47:47.757066Z,0144826651-0075,1,1197.0
Instax Shop,FBO,0128257208-0073-1,delivered,2026-08-21T05:52:10.127328Z,0128257208-0073,1,597.0
Instax Shop,FBO,0190043613-0372-2,delivered,2026-08-21T06:00:33.412846Z,0190043613-0372,1,1197.0
Instax Shop,FBO,40588500-0045-1,delivered,2026-08-21T06:40:37.560932Z,40588500-0045,1,1097.0
Instax Shop,FBO,43477160-0031-2,delivered,2026-08-21T06:51:24.545480Z,43477160-0031,1,1097.0
Instax Shop,FBO,71550049-0509-1,cancelled,2026-08-21T06:56:15.469907Z,71550049-0509,1,1197.0
Instax Shop,FBO,70318095-0302-1,delivered,2026-08-21T07:03:36.637611Z,70318095-0302,1,1097.0
Instax Shop,FBO,13958863-0308-1,delivered,2026-08-21T07:09:31.520259Z,13958863-0308,1,947.0
Instax Shop,FBO,51663477-0937-1,delivered,2026-08-21T07:15:40.180501Z,51663477-0937,1,1197.0
Instax Shop,FBO,0140779964-0263-1,delivered,2026-08-21T07:29:55.440324Z,0140779964-0263,1,1097.0
Instax Shop,FBO,17441238-0734-2,delivered,2026-08-21T08:12:37.887211Z,17441238-0734,1,1197.0
Instax Shop,FBO,0212062736-0167-1,delivered,2026-08-21T08:15:09.977734Z,0212062736-0167,1,1197.0
Instax Shop,FBO,0147938042-0034-1,delivered,2026-08-21T08:16:05.464224Z,0147938042-0034,1,1197.0
Instax Shop,FBO,49831672-0175-1,delivered,2026-08-21T08:30:00.420041Z,49831672-0175,1,1097.0
Instax Shop,FBO,55519237-1135-1,cancelled,2026-08-21T08:41:27.669704Z,55519237-1135,1,1097.0
Instax Shop,FBO,46352007-0263-1,delivered,2026-08-21T08:58:19.952473Z,46352007-0263,1,1197.0
Instax Shop,FBO,0108952808-0042-1,cancelled,2026-08-21T09:07:37.579634Z,0108952808-0042,1,1097.0
Instax Shop,FBO,0189834535-0213-1,delivered,2026-08-21T09:17:29.529866Z,0189834535-0213,1,1197.0
Instax Shop,FBO,34396394-0121-1,delivered,2026-08-21T09:57:20.933033Z,34396394-0121,1,1197.0
Instax Shop,FBO,28012020-0108-3,delivered,2026-08-21T10:05:29.379734Z,28012020-0108,1,1197.0
Instax Shop,FBO,0176797041-0788-1,delivered,2026-08-21T10:17:48.531249Z,0176797041-0788,1,1197.0
Instax Shop,FBO,55653100-0487-1,delivered,2026-08-21T10:17:59.423873Z,55653100-0487,1,597.0
Instax Shop,FBO,19237600-1647-1,delivered,2026-08-21T10:42:30.731310Z,19237600-1647,1,1197.0
Instax Shop,FBO,45621205-0088-1,delivered,2026-08-21T11:12:50.432415Z,45621205-0088,1,1097.0
Instax Shop,FBO,18070894-0727-1,delivered,2026-08-21T11:43:02.032663Z,18070894-0727,1,1197.0
Instax Shop,FBO,09373104-0461-15,delivered,2026-08-21T12:19:23.566811Z,09373104-0461,1,1197.0
Instax Shop,FBO,04252308-0172-2,delivered,2026-08-21T12:44:12.628390Z,04252308-0172,1,1197.0
Instax Shop,FBO,88492560-0633-1,cancelled,2026-08-21T13:01:14.009445Z,88492560-0633,1,1197.0
Instax Shop,FBO,46096231-0128-1,cancelled,2026-08-21T13:02:08.284581Z,46096231-0128,1,1197.0
Instax Shop,FBO,0192145549-0330-1,delivered,2026-08-21T13:04:02.409751Z,0192145549-0330,1,1197.0
Instax Shop,FBO,57183703-0152-1,cancelled,2026-08-21T13:13:20.687354Z,57183703-0152,1,1197.0
Instax Shop,FBO,0106536817-0186-1,delivered,2026-08-21T13:16:40.915285Z,0106536817-0186,1,1197.0
Instax Shop,FBO,35608618-0740-2,delivered,2026-08-21T13:28:37.288162Z,35608618-0740,1,1097.0
Instax Shop,FBO,0266681867-0011-1,delivered,2026-08-21T13:37:19.359088Z,0266681867-0011,1,1197.0
Instax Shop,FBO,0104956498-0073-1,delivered,2026-08-21T13:43:54.493577Z,0104956498-0073,1,1197.0
Instax Shop,FBO,0104956498-0073-3,delivered,2026-08-21T13:43:54.493577Z,0104956498-0073,1,1197.0
Instax Shop,FBO,44157870-0288-1,delivered,2026-08-21T13:48:38.244146Z,44157870-0288,1,1197.0
Instax Shop,FBO,98737971-0821-1,delivered,2026-08-21T14:16:50.715090Z,98737971-0821,1,1197.0
Instax Shop,FBO,0197084178-0280-1,delivered,2026-08-21T14:35:17.439364Z,0197084178-0280,1,777.0
Instax Shop,FBO,47258252-0201-1,cancelled,2026-08-21T14:41:11.353198Z,47258252-0201,1,1197.0
Instax Shop,FBO,44083111-0156-5,delivered,2026-08-21T14:49:11.809848Z,44083111-0156,1,1197.0
Instax Shop,FBO,77960668-0117-1,cancelled,2026-08-21T14:53:24.738821Z,77960668-0117,1,1197.0
Instax Shop,FBO,0147974850-0143-1,delivered,2026-08-21T15:12:19.380278Z,0147974850-0143,1,1197.0
Instax Shop,FBO,04310847-0361-1,delivered,2026-08-21T15:26:04.645947Z,04310847-0361,1,1197.0
Instax Shop,FBO,39871210-1242-1,delivered,2026-08-21T15:29:55.013404Z,39871210-1242,1,597.0
Instax Shop,FBO,80435719-0390-1,cancelled,2026-08-21T15:37:02.520657Z,80435719-0390,1,1197.0
Instax Shop,FBO,39214261-0764-9,delivered,2026-08-21T15:41:10.851697Z,39214261-0764,1,1197.0
Instax Shop,FBO,48048813-0025-1,delivered,2026-08-21T15:46:44.997572Z,48048813-0025,1,1197.0
Instax Shop,FBO,02603941-2861-1,delivered,2026-08-21T16:24:10.234969Z,02603941-2861,1,1097.0
Instax Shop,FBO,74891229-0068-1,delivered,2026-08-21T16:38:06.648903Z,74891229-0068,1,1197.0
Instax Shop,FBO,74891229-0068-2,delivered,2026-08-21T16:38:06.648903Z,74891229-0068,1,1197.0
Instax Shop,FBO,0130793679-0183-1,delivered,2026-08-21T16:44:53.838250Z,0130793679-0183,1,1197.0
Instax Shop,FBO,46757691-0154-1,cancelled,2026-08-21T16:49:43.276470Z,46757691-0154,1,1197.0
Instax Shop,FBO,33180369-0732-2,delivered,2026-08-21T16:59:49.678955Z,33180369-0732,1,1097.0
Instax Shop,FBO,0181309200-0041-8,delivered,2026-08-21T17:13:29.266203Z,0181309200-0041,1,1097.0
Instax Shop,FBO,13648966-0207-1,delivered,2026-08-21T17:32:51.712771Z,13648966-0207,1,1097.0
Instax Shop,FBO,46408014-0106-1,delivered,2026-08-21T17:48:16.578179Z,46408014-0106,1,777.0
Instax Shop,FBO,80918965-0801-1,delivered,2026-08-21T18:23:23.066166Z,80918965-0801,1,1197.0
Instax Shop,FBO,04448046-1557-1,cancelled,2026-08-21T18:25:54.618851Z,04448046-1557,1,597.0
Instax Shop,FBO,93125424-0274-1,cancelled,2026-08-21T18:55:38.486405Z,93125424-0274,1,1097.0
Instax Shop,FBO,29309620-0163-1,delivered,2026-08-21T19:02:22.326483Z,29309620-0163,1,1197.0
Instax Shop,FBO,0265749954-0029-1,cancelled,2026-08-21T19:28:34.684890Z,0265749954-0029,1,1197.0
Instax Shop,FBO,14511126-1378-1,cancelled,2026-08-21T19:33:16.903671Z,14511126-1378,1,1197.0
Instax Shop,FBO,0124412796-0084-1,delivered,2026-08-21T20:27:35.169149Z,0124412796-0084,1,677.0
Instax Shop,FBO,0152351283-0525-1,delivered,2026-08-21T20:40:17.631013Z,0152351283-0525,1,1097.0
Instax Shop,FBO,0152009839-0058-1,cancelled,2026-08-21T20:44:25.769894Z,0152009839-0058,1,1197.0
Instax Shop,FBO,93968655-0111-1,cancelled,2026-08-21T20:48:25.550743Z,93968655-0111,1,1197.0
Instax Shop,FBO,83170624-0085-1,delivered,2026-08-21T21:16:21.135381Z,83170624-0085,1,1197.0
Instax Shop,FBO,08502704-0953-1,delivered,2026-08-21T22:36:45.337338Z,08502704-0953,1,1197.0
Instax Shop,FBO,0125458301-0218-1,delivered,2026-08-21T22:52:15.756195Z,0125458301-0218,1,1197.0
Instax Shop,FBO,0127599597-0020-1,delivered,2026-08-22T01:14:14.561430Z,0127599597-0020,1,1197.0
Instax Shop,FBO,28897833-0844-1,delivered,2026-08-22T01:19:01.570951Z,28897833-0844,1,597.0
Instax Shop,FBO,77960668-0118-3,cancelled,2026-08-22T02:58:31.296549Z,77960668-0118,1,1197.0
Instax Shop,FBO,45460515-0268-1,delivered,2026-08-22T03:30:43.383225Z,45460515-0268,1,1197.0
Instax Shop,FBO,59077153-0222-1,cancelled,2026-08-22T04:13:34.360805Z,59077153-0222,1,1097.0
Instax Shop,FBO,0103029121-0185-1,delivered,2026-08-22T04:41:22.504856Z,0103029121-0185,1,1197.0
Instax Shop,FBO,0137600500-0011-1,delivered,2026-08-22T04:44:20.614722Z,0137600500-0011,1,597.0
Instax Shop,FBO,87124313-0127-1,cancelled,2026-08-22T04:45:06.019701Z,87124313-0127,1,1097.0
Instax Shop,FBO,98635121-0470-1,delivered,2026-08-22T05:22:49.174531Z,98635121-0470,1,1197.0
Instax Shop,FBO,49576969-0594-1,delivered,2026-08-22T05:44:58.394600Z,49576969-0594,1,677.0
Instax Shop,FBO,82652732-0126-1,delivered,2026-08-22T06:08:48.004822Z,82652732-0126,1,1197.0
Instax Shop,FBO,46406705-0318-1,delivered,2026-08-22T06:18:32.694316Z,46406705-0318,1,1197.0
Instax Shop,FBO,0106616529-0156-1,delivered,2026-08-22T06:24:15.057344Z,0106616529-0156,1,1197.0
Instax Shop,FBO,09181835-0322-1,delivered,2026-08-22T06:33:58.416208Z,09181835-0322,1,1197.0
Instax Shop,FBO,45484101-0144-1,delivered,2026-08-22T06:42:20.338905Z,45484101-0144,1,1197.0
Instax Shop,FBO,0121662874-0283-5,delivered,2026-08-22T07:03:20.811251Z,0121662874-0283,1,777.0
Instax Shop,FBO,71111945-0615-1,delivered,2026-08-22T07:35:46.999835Z,71111945-0615,1,1197.0
Instax Shop,FBO,0128827142-1087-1,delivered,2026-08-22T08:20:21.471332Z,0128827142-1087,1,1197.0
Instax Shop,FBO,84309567-0037-1,delivered,2026-08-22T08:53:56.603125Z,84309567-0037,1,777.0
Instax Shop,FBO,40189388-0052-1,delivered,2026-08-22T09:21:46.284803Z,40189388-0052,1,1197.0
Instax Shop,FBO,0209383844-0003-1,cancelled,2026-08-22T10:05:21.693144Z,0209383844-0003,1,1197.0
Instax Shop,FBO,65271694-0274-1,delivered,2026-08-22T10:24:10.238537Z,65271694-0274,1,1197.0
Instax Shop,FBO,0161147294-0066-1,delivered,2026-08-22T10:26:56.555123Z,0161147294-0066,1,777.0
Instax Shop,FBO,55999545-0088-1,delivered,2026-08-22T10:30:28.050740Z,55999545-0088,1,947.0
Instax Shop,FBO,38016983-0297-2,cancelled,2026-08-22T10:37:49.037210Z,38016983-0297,1,1197.0
Instax Shop,FBO,07023312-0384-1,cancelled,2026-08-22T10:40:26.936775Z,07023312-0384,1,677.0
Instax Shop,FBO,45865845-0209-1,delivered,2026-08-22T11:32:02.105166Z,45865845-0209,1,777.0
Instax Shop,FBO,0119387438-0189-1,delivered,2026-08-22T12:47:03.917953Z,0119387438-0189,1,1097.0
Instax Shop,FBO,13601802-0438-1,delivered,2026-08-22T12:55:24.058293Z,13601802-0438,1,1197.0
Instax Shop,FBO,0214546613-0144-1,cancelled,2026-08-22T13:01:44.341341Z,0214546613-0144,1,1077.0
Instax Shop,FBO,45561323-0474-1,delivered,2026-08-22T13:03:52.777791Z,45561323-0474,1,1077.0
Instax Shop,FBO,0214546613-0147-1,cancelled,2026-08-22T13:07:21.089799Z,0214546613-0147,1,1077.0
Instax Shop,FBO,0145629821-0425-1,delivered,2026-08-22T13:15:11.560801Z,0145629821-0425,1,1197.0
Instax Shop,FBO,0241116028-0117-1,delivered,2026-08-22T13:46:10.557494Z,0241116028-0117,1,947.0
Instax Shop,FBO,81936908-0287-1,delivered,2026-08-22T13:47:59.848206Z,81936908-0287,1,1197.0
Instax Shop,FBO,77609714-0683-1,delivered,2026-08-22T14:13:40.552236Z,77609714-0683,1,1197.0
Instax Shop,FBO,46631241-0342-1,cancelled,2026-08-22T14:32:21.990446Z,46631241-0342,1,1197.0
Instax Shop,FBO,24552462-0386-1,delivered,2026-08-22T14:34:52.788552Z,24552462-0386,1,1197.0
Instax Shop,FBO,10782073-0372-1,delivered,2026-08-22T14:36:03.180721Z,10782073-0372,1,1197.0
Instax Shop,FBO,51562138-0577-1,delivered,2026-08-22T15:23:02.544759Z,51562138-0577,1,777.0
Instax Shop,FBO,0130324861-0934-1,cancelled,2026-08-22T15:29:50.637784Z,0130324861-0934,1,1097.0
Instax Shop,FBO,0130324861-0934-2,delivered,2026-08-22T15:29:50.637784Z,0130324861-0934,1,1097.0
Instax Shop,FBO,0130324861-0934-3,cancelled,2026-08-22T15:29:50.637784Z,0130324861-0934,1,1097.0
Instax Shop,FBO,0130324861-0934-5,cancelled,2026-08-22T15:29:50.637784Z,0130324861-0934,1,1097.0
Instax Shop,FBO,37950424-0378-1,delivered,2026-08-22T15:30:56.016581Z,37950424-0378,1,1197.0
Instax Shop,FBO,63645642-0065-1,delivered,2026-08-22T15:43:32.774730Z,63645642-0065,1,1097.0
Instax Shop,FBO,0136975785-0037-1,delivered,2026-08-22T16:03:46.305794Z,0136975785-0037,1,1096.0
Instax Shop,FBO,0124405687-0101-2,delivered,2026-08-22T16:19:24.066398Z,0124405687-0101,1,1096.0
Instax Shop,FBO,70320249-0467-1,delivered,2026-08-22T16:41:05.910304Z,70320249-0467,1,1197.0
Instax Shop,FBO,31542649-0361-1,delivered,2026-08-22T16:58:17.851463Z,31542649-0361,1,1096.0
Instax Shop,FBO,73406621-0113-1,cancelled,2026-08-22T17:21:40.055249Z,73406621-0113,1,1096.0
Instax Shop,FBO,0157936796-0314-1,delivered,2026-08-22T17:21:49.901308Z,0157936796-0314,1,1197.0
Instax Shop,FBO,58470131-0143-1,delivered,2026-08-22T17:22:11.258737Z,58470131-0143,1,1046.0
Instax Shop,FBO,25294908-0167-1,delivered,2026-08-22T17:48:01.464955Z,25294908-0167,1,1096.0
Instax Shop,FBO,76882014-0245-1,delivered,2026-08-22T18:01:47.073551Z,76882014-0245,1,1096.0
Instax Shop,FBO,42835014-0286-5,delivered,2026-08-22T18:07:33.727657Z,42835014-0286,1,1096.0
Instax Shop,FBO,64198169-0373-1,delivered,2026-08-22T18:13:13.398601Z,64198169-0373,1,1096.0
Instax Shop,FBO,46173793-0010-1,delivered,2026-08-22T18:20:58.936396Z,46173793-0010,1,1096.0
Instax Shop,FBO,38016983-0298-1,cancelled,2026-08-22T18:22:28.009842Z,38016983-0298,1,1096.0
Instax Shop,FBO,0146125752-0051-1,delivered,2026-08-22T18:30:14.242773Z,0146125752-0051,1,1096.0
Instax Shop,FBO,02942825-1408-5,cancelled,2026-08-22T18:31:18.422496Z,02942825-1408,1,1096.0
Instax Shop,FBO,34530398-0228-1,delivered,2026-08-22T18:38:31.812793Z,34530398-0228,1,1096.0
Instax Shop,FBO,74788691-0084-1,cancelled,2026-08-22T18:44:41.839322Z,74788691-0084,1,1096.0
Instax Shop,FBO,0105831948-0136-1,delivered,2026-08-22T19:10:14.492492Z,0105831948-0136,1,1097.0
Instax Shop,FBO,45303930-0167-1,delivered,2026-08-22T20:03:17.880837Z,45303930-0167,1,1197.0
Instax Shop,FBO,67996353-0876-1,cancelled,2026-08-22T20:17:07.966425Z,67996353-0876,1,1096.0
Instax Shop,FBO,92441971-0425-1,cancelled,2026-08-22T20:37:22.181333Z,92441971-0425,1,1096.0
Instax Shop,FBO,92441971-0428-1,cancelled,2026-08-22T20:44:30.725377Z,92441971-0428,1,1096.0
Instax Shop,FBO,69544278-0385-1,delivered,2026-08-22T21:14:05.488835Z,69544278-0385,1,1046.0
Instax Shop,FBO,0152517514-0164-1,delivered,2026-08-22T21:15:12.913386Z,0152517514-0164,1,1096.0
Instax Shop,FBO,70994172-0056-1,delivered,2026-08-22T23:03:07.706669Z,70994172-0056,1,777.0
Instax Shop,FBO,0122389424-0185-1,delivered,2026-08-22T23:19:52.905297Z,0122389424-0185,1,1096.0
Instax Shop,FBO,63867049-0378-1,delivered,2026-08-23T03:37:48.416044Z,63867049-0378,1,1096.0
Instax Shop,FBO,31379995-0258-1,delivered,2026-08-23T04:03:08.657222Z,31379995-0258,1,1096.0
Instax Shop,FBO,31379995-0258-3,delivered,2026-08-23T04:03:08.657222Z,31379995-0258,1,1197.0
Instax Shop,FBO,06776316-0165-1,delivered,2026-08-23T05:17:52.140256Z,06776316-0165,1,1197.0
Instax Shop,FBO,57130071-0136-2,cancelled,2026-08-23T05:51:32.345173Z,57130071-0136,1,1046.0
Instax Shop,FBO,57130071-0137-1,delivered,2026-08-23T05:52:35.577985Z,57130071-0137,1,1046.0
Instax Shop,FBO,06965497-2301-5,delivered,2026-08-23T06:03:14.902255Z,06965497-2301,1,1096.0
Instax Shop,FBO,0269328751-0002-4,delivered,2026-08-23T06:04:37.041922Z,0269328751-0002,1,1096.0
Instax Shop,FBO,0214941739-0060-1,delivered,2026-08-23T06:06:24.819278Z,0214941739-0060,1,1096.0
Instax Shop,FBO,70227043-0589-1,delivered,2026-08-23T06:16:01.888632Z,70227043-0589,1,1096.0
Instax Shop,FBO,0171202321-0257-1,delivered,2026-08-23T06:28:58.120267Z,0171202321-0257,1,1096.0
Instax Shop,FBO,68828286-0242-5,delivered,2026-08-23T07:43:17.629158Z,68828286-0242,1,1096.0
Instax Shop,FBO,0159629917-0277-7,cancelled,2026-08-23T07:59:13.620224Z,0159629917-0277,1,1096.0
Instax Shop,FBO,61812863-0019-1,delivered,2026-08-23T07:59:31.727802Z,61812863-0019,1,1197.0
Instax Shop,FBO,14571677-0375-1,delivered,2026-08-23T08:03:19.666017Z,14571677-0375,1,777.0
Instax Shop,FBO,0165967079-0319-1,cancelled,2026-08-23T08:09:14.641659Z,0165967079-0319,1,1096.0
Instax Shop,FBO,0165967079-0319-2,cancelled,2026-08-23T08:09:14.641659Z,0165967079-0319,1,1096.0
Instax Shop,FBO,60786233-0276-1,delivered,2026-08-23T08:12:53.547533Z,60786233-0276,1,1096.0
Instax Shop,FBO,47243922-0044-4,delivered,2026-08-23T08:22:36.311326Z,47243922-0044,1,1046.0
Instax Shop,FBO,0144584283-0084-1,delivered,2026-08-23T08:24:03.496213Z,0144584283-0084,1,1197.0
Instax Shop,FBO,55785237-0441-1,delivered,2026-08-23T08:29:17.016565Z,55785237-0441,1,1096.0
Instax Shop,FBO,0171233516-0084-1,delivered,2026-08-23T08:33:52.959951Z,0171233516-0084,1,1197.0
Instax Shop,FBO,0161201978-0008-2,delivered,2026-08-23T08:38:09.512206Z,0161201978-0008,1,1096.0
Instax Shop,FBO,0238841717-0152-1,delivered,2026-08-23T08:53:55.048629Z,0238841717-0152,1,1096.0
Instax Shop,FBO,76441961-0181-3,delivered,2026-08-23T08:54:17.577828Z,76441961-0181,1,1096.0
Instax Shop,FBO,77983529-1127-1,cancelled,2026-08-23T09:25:08.720604Z,77983529-1127,1,1197.0
Instax Shop,FBO,95198955-0179-1,delivered,2026-08-23T09:28:40.217078Z,95198955-0179,1,1046.0
Instax Shop,FBO,0268691476-0009-2,delivered,2026-08-23T09:31:09.286415Z,0268691476-0009,1,1096.0
Instax Shop,FBO,0133984408-0098-1,cancelled,2026-08-23T10:03:02.541738Z,0133984408-0098,1,1046.0
Instax Shop,FBO,31810547-0488-1,delivered,2026-08-23T10:15:29.197131Z,31810547-0488,1,1096.0
Instax Shop,FBO,90221976-0324-1,delivered,2026-08-23T10:29:17.744987Z,90221976-0324,1,1096.0
Instax Shop,FBO,0150902336-0115-1,delivered,2026-08-23T10:31:14.288849Z,0150902336-0115,1,1096.0
Instax Shop,FBO,42167702-0135-1,delivered,2026-08-23T10:41:23.530141Z,42167702-0135,1,677.0
Instax Shop,FBO,37294540-0322-2,delivered,2026-08-23T10:44:09.531217Z,37294540-0322,1,1197.0
Instax Shop,FBO,72353228-0282-1,delivered,2026-08-23T11:07:03.123158Z,72353228-0282,1,1096.0
Instax Shop,FBO,47795529-0267-1,delivered,2026-08-23T11:08:11.044679Z,47795529-0267,1,1096.0
Instax Shop,FBO,0182021307-0099-1,delivered,2026-08-23T11:40:31.663552Z,0182021307-0099,1,597.0
Instax Shop,FBO,38909373-0119-1,delivered,2026-08-23T12:00:34.202422Z,38909373-0119,1,1096.0
Instax Shop,FBO,0238390388-0023-1,delivered,2026-08-23T12:31:17.144140Z,0238390388-0023,1,1197.0
Instax Shop,FBO,94212859-0052-1,delivered,2026-08-23T12:43:29.953253Z,94212859-0052,1,1197.0
Instax Shop,FBO,0181844154-0002-1,delivered,2026-08-23T12:58:04.290215Z,0181844154-0002,1,1197.0
Instax Shop,FBO,26178718-0072-1,delivered,2026-08-23T13:16:32.426327Z,26178718-0072,1,1197.0
Instax Shop,FBO,37679804-0908-1,delivered,2026-08-23T13:25:43.555946Z,37679804-0908,1,1096.0
Instax Shop,FBO,48572273-0150-1,cancelled,2026-08-23T13:29:14.965968Z,48572273-0150,1,1096.0
Instax Shop,FBO,94747866-0810-1,cancelled,2026-08-23T13:49:41.406426Z,94747866-0810,1,1096.0
Instax Shop,FBO,0124621612-0163-2,delivered,2026-08-23T14:22:12.506343Z,0124621612-0163,1,1096.0
Instax Shop,FBO,0118312035-0638-1,delivered,2026-08-23T14:29:58.126031Z,0118312035-0638,1,1197.0
Instax Shop,FBO,0126203939-0163-1,cancelled,2026-08-23T14:39:42.630309Z,0126203939-0163,1,1096.0
Instax Shop,FBO,45053886-0277-5,delivered,2026-08-23T14:53:41.634230Z,45053886-0277,1,1197.0
Instax Shop,FBO,09607598-0089-1,delivered,2026-08-23T14:55:13.775884Z,09607598-0089,1,1096.0
Instax Shop,FBO,0241395528-0007-1,delivered,2026-08-23T15:00:04.481818Z,0241395528-0007,1,1096.0
Instax Shop,FBO,60553934-0300-1,delivered,2026-08-23T15:14:06.220786Z,60553934-0300,1,1046.0
Instax Shop,FBO,80432987-0167-1,delivered,2026-08-23T15:24:45.375808Z,80432987-0167,1,1096.0
Instax Shop,FBO,79302735-0614-1,delivered,2026-08-23T15:41:33.689202Z,79302735-0614,1,1096.0
Instax Shop,FBO,61263281-0022-2,delivered,2026-08-23T15:47:30.350208Z,61263281-0022,1,1046.0
Instax Shop,FBO,87477758-0963-2,delivered,2026-08-23T15:57:31.091712Z,87477758-0963,1,1096.0
Instax Shop,FBO,0109372898-0156-1,delivered,2026-08-23T16:26:46.798986Z,0109372898-0156,1,1046.0
Instax Shop,FBO,75273848-0252-1,delivered,2026-08-23T16:27:45.072149Z,75273848-0252,1,1096.0
Instax Shop,FBO,73162079-0494-1,delivered,2026-08-23T16:27:56.171227Z,73162079-0494,1,1096.0
Instax Shop,FBO,97390568-0062-1,delivered,2026-08-23T17:07:23.400848Z,97390568-0062,1,1096.0
Instax Shop,FBO,44645097-0106-1,delivered,2026-08-23T17:13:43.226352Z,44645097-0106,1,1096.0
Instax Shop,FBO,44645097-0106-3,delivered,2026-08-23T17:13:43.226352Z,44645097-0106,1,1096.0
Instax Shop,FBO,17118636-0287-1,delivered,2026-08-23T17:24:02.029044Z,17118636-0287,1,1096.0
Instax Shop,FBO,19581930-1452-1,delivered,2026-08-23T17:32:47.050423Z,19581930-1452,1,1096.0
Instax Shop,FBO,74129429-0630-3,cancelled,2026-08-23T17:40:25.868673Z,74129429-0630,1,1197.0
Instax Shop,FBO,47339205-1327-1,delivered,2026-08-23T17:46:30.389147Z,47339205-1327,1,1197.0
Instax Shop,FBO,0120844210-0200-1,delivered,2026-08-23T18:05:47.691033Z,0120844210-0200,1,1096.0
Instax Shop,FBO,51772499-0242-1,delivered,2026-08-23T18:07:10.876320Z,51772499-0242,1,1096.0
Instax Shop,FBO,0134153875-0168-1,delivered,2026-08-23T18:17:23.252839Z,0134153875-0168,1,1096.0
Instax Shop,FBO,89124973-0773-1,delivered,2026-08-23T18:46:37.814522Z,89124973-0773,1,1096.0
Instax Shop,FBO,0266840297-0002-1,cancelled,2026-08-23T18:48:31.207292Z,0266840297-0002,1,1197.0
Instax Shop,FBO,68546591-0344-1,cancelled,2026-08-23T18:50:33.660458Z,68546591-0344,1,1097.0
Instax Shop,FBO,17162045-0320-1,delivered,2026-08-23T19:23:04.184767Z,17162045-0320,1,1197.0
Instax Shop,FBO,0154341266-0022-1,delivered,2026-08-23T19:58:30.467643Z,0154341266-0022,1,1096.0
Instax Shop,FBO,62945372-0253-1,delivered,2026-08-23T20:19:49.779766Z,62945372-0253,1,777.0
Instax Shop,FBO,0170089304-0034-1,delivered,2026-08-23T21:46:16.647143Z,0170089304-0034,1,1096.0
Instax Shop,FBO,09719126-0079-1,cancelled,2026-08-24T00:26:51.755108Z,09719126-0079,1,1046.0
Instax Shop,FBO,86606585-0138-1,delivered,2026-08-24T00:53:09.410889Z,86606585-0138,1,1197.0
Instax Shop,FBO,0217023372-0262-1,delivered,2026-08-24T01:08:14.927981Z,0217023372-0262,1,1197.0
Instax Shop,FBO,0217023372-0263-1,delivered,2026-08-24T01:08:22.259247Z,0217023372-0263,1,1197.0
Instax Shop,FBO,46108035-0290-1,cancelled,2026-08-24T01:51:09.055079Z,46108035-0290,1,1096.0
Instax Shop,FBO,40834036-0145-1,delivered,2026-08-24T02:13:39.261441Z,40834036-0145,1,1096.0
Instax Shop,FBO,51742628-0861-1,cancelled,2026-08-24T03:27:43.278066Z,51742628-0861,1,1096.0
Instax Shop,FBO,0138643406-0052-1,delivered,2026-08-24T04:09:50.298332Z,0138643406-0052,1,597.0
Instax Shop,FBO,0138643406-0052-2,delivered,2026-08-24T04:09:50.298332Z,0138643406-0052,1,597.0
Instax Shop,FBO,68224660-0307-1,delivered,2026-08-24T04:33:57.382913Z,68224660-0307,1,597.0
Instax Shop,FBO,44043650-0131-1,delivered,2026-08-24T04:58:20.872932Z,44043650-0131,1,597.0
Instax Shop,FBO,74880609-0214-2,delivered,2026-08-24T05:07:43.791737Z,74880609-0214,1,1096.0
Instax Shop,FBO,0197369330-0026-1,delivered,2026-08-24T05:10:35.219587Z,0197369330-0026,1,1197.0
Instax Shop,FBO,65284166-0868-1,cancelled,2026-08-24T05:27:27.675718Z,65284166-0868,1,1197.0
Instax Shop,FBO,66400430-0285-1,cancelled,2026-08-24T05:30:49.693542Z,66400430-0285,1,1096.0
Instax Shop,FBO,47427967-0108-1,delivered,2026-08-24T05:37:48.699074Z,47427967-0108,1,1096.0
Instax Shop,FBO,16957373-0142-2,delivered,2026-08-24T05:39:09.805120Z,16957373-0142,1,1096.0
Instax Shop,FBO,29991030-0162-1,delivered,2026-08-24T05:45:50.986763Z,29991030-0162,1,1096.0
Instax Shop,FBO,29495204-0242-1,delivered,2026-08-24T06:14:03.331788Z,29495204-0242,1,1096.0
Instax Shop,FBO,0243697204-0012-2,delivered,2026-08-24T06:26:13.314040Z,0243697204-0012,1,1096.0
Instax Shop,FBO,0201692791-0060-1,delivered,2026-08-24T06:28:05.769374Z,0201692791-0060,1,1096.0
Instax Shop,FBO,15719787-0155-1,delivered,2026-08-24T06:32:25.160774Z,15719787-0155,1,1096.0
Instax Shop,FBO,31427969-0283-2,cancelled,2026-08-24T06:33:49.832544Z,31427969-0283,1,1197.0
Instax Shop,FBO,31427969-0283-4,cancelled,2026-08-24T06:33:49.832544Z,31427969-0283,1,1096.0
Instax Shop,FBO,39515126-0301-1,delivered,2026-08-24T06:34:42.838722Z,39515126-0301,1,1096.0
Instax Shop,FBO,36315014-0369-3,delivered,2026-08-24T06:47:04.534967Z,36315014-0369,1,1096.0
Instax Shop,FBO,99797042-0338-1,delivered,2026-08-24T06:51:59.970232Z,99797042-0338,1,1096.0
Instax Shop,FBO,33999955-0038-1,delivered,2026-08-24T06:56:23.434891Z,33999955-0038,1,1197.0
Instax Shop,FBO,0134142277-0149-1,delivered,2026-08-24T07:18:29.981226Z,0134142277-0149,1,1096.0
Instax Shop,FBO,44053268-0047-1,delivered,2026-08-24T07:21:44.050104Z,44053268-0047,1,597.0
Instax Shop,FBO,0241632531-0011-1,cancelled,2026-08-24T07:21:58.313435Z,0241632531-0011,1,1096.0
Instax Shop,FBO,0114532466-0101-3,delivered,2026-08-24T07:25:04.367586Z,0114532466-0101,1,677.0
Instax Shop,FBO,90682295-0083-1,delivered,2026-08-24T07:26:13.308748Z,90682295-0083,1,1046.0
Instax Shop,FBO,0112394006-0532-1,delivered,2026-08-24T07:28:41.331996Z,0112394006-0532,1,1096.0
Instax Shop,FBO,58396300-0153-1,delivered,2026-08-24T07:29:59.845581Z,58396300-0153,1,1096.0
Instax Shop,FBO,44532710-0552-1,delivered,2026-08-24T07:36:07.102755Z,44532710-0552,1,1096.0
Instax Shop,FBO,0265786591-0006-2,delivered,2026-08-24T08:02:14.718819Z,0265786591-0006,1,1197.0
Instax Shop,FBO,32728354-1492-1,cancelled,2026-08-24T08:12:06.110597Z,32728354-1492,1,1096.0
Instax Shop,FBO,0149569666-0090-1,delivered,2026-08-24T08:17:19.709229Z,0149569666-0090,1,1197.0
Instax Shop,FBO,90263487-0121-1,delivered,2026-08-24T08:21:29.105026Z,90263487-0121,1,1096.0
Instax Shop,FBO,39772923-0159-1,cancelled,2026-08-24T08:28:12.120264Z,39772923-0159,1,1197.0
Instax Shop,FBO,0162851080-0110-1,delivered,2026-08-24T08:44:47.338474Z,0162851080-0110,1,1197.0
Instax Shop,FBO,93770604-0071-1,delivered,2026-08-24T08:54:20.881889Z,93770604-0071,1,1096.0
Instax Shop,FBO,93770604-0071-3,cancelled,2026-08-24T08:54:20.881889Z,93770604-0071,1,1096.0
Instax Shop,FBO,82909971-0316-2,delivered,2026-08-24T08:58:48.608546Z,82909971-0316,1,1096.0
Instax Shop,FBO,57847688-0039-1,delivered,2026-08-24T09:01:57.110483Z,57847688-0039,1,1197.0
Instax Shop,FBO,0116258800-0136-1,delivered,2026-08-24T09:02:21.610727Z,0116258800-0136,1,1096.0
Instax Shop,FBO,0163113807-0164-1,delivered,2026-08-24T09:07:34.608455Z,0163113807-0164,1,1096.0
Instax Shop,FBO,24326132-0324-1,delivered,2026-08-24T09:08:15.571962Z,24326132-0324,1,777.0
Instax Shop,FBO,69849969-0289-1,delivered,2026-08-24T09:14:59.298962Z,69849969-0289,1,1197.0
Instax Shop,FBO,0151650360-0069-1,delivered,2026-08-24T09:19:09.997529Z,0151650360-0069,1,1096.0
Instax Shop,FBO,0209017048-0067-1,delivered,2026-08-24T09:49:49.642177Z,0209017048-0067,1,1197.0
Instax Shop,FBO,74369060-0045-1,delivered,2026-08-24T10:01:54.368709Z,74369060-0045,1,1096.0
Instax Shop,FBO,0123665091-0106-1,delivered,2026-08-24T10:16:50.312015Z,0123665091-0106,1,1096.0
Instax Shop,FBO,0156901769-0111-1,delivered,2026-08-24T10:33:46.706834Z,0156901769-0111,1,1096.0
Instax Shop,FBO,72013737-0370-1,delivered,2026-08-24T10:41:57.301341Z,72013737-0370,1,1096.0
Instax Shop,FBO,0127418246-0126-1,cancelled,2026-08-24T10:55:13.004228Z,0127418246-0126,1,947.0
Instax Shop,FBO,0142865801-0038-1,cancelled,2026-08-24T11:01:59.530745Z,0142865801-0038,1,1197.0
Instax Shop,FBO,0119017670-0207-2,delivered,2026-08-24T11:15:33.812004Z,0119017670-0207,1,1096.0
Instax Shop,FBO,64192569-0891-1,delivered,2026-08-24T11:19:51.196515Z,64192569-0891,1,1096.0
Instax Shop,FBO,37948451-0218-1,delivered,2026-08-24T11:34:43.874632Z,37948451-0218,1,1096.0
Instax Shop,FBO,0205443854-0091-1,delivered,2026-08-24T11:35:32.246864Z,0205443854-0091,1,1197.0
Instax Shop,FBO,45510725-0652-2,delivered,2026-08-24T11:37:28.662668Z,45510725-0652,1,1096.0
Instax Shop,FBO,65946323-0396-1,delivered,2026-08-24T11:49:22.868063Z,65946323-0396,1,1197.0
Instax Shop,FBO,01860586-0563-2,cancelled,2026-08-24T11:50:55.289145Z,01860586-0563,1,777.0
Instax Shop,FBO,48705385-0537-1,cancelled,2026-08-24T11:53:11.664976Z,48705385-0537,1,1096.0
Instax Shop,FBO,0169652167-0142-1,delivered,2026-08-24T11:57:38.140214Z,0169652167-0142,1,1096.0
Instax Shop,FBO,0181030528-0416-1,delivered,2026-08-24T12:08:35.859088Z,0181030528-0416,1,1096.0
Instax Shop,FBO,90701735-0096-1,delivered,2026-08-24T12:18:25.785685Z,90701735-0096,1,1096.0
Instax Shop,FBO,16195634-0239-3,delivered,2026-08-24T12:19:36.638076Z,16195634-0239,1,1097.0
Instax Shop,FBO,51318360-0304-2,delivered,2026-08-24T12:32:49.120408Z,51318360-0304,1,1096.0
Instax Shop,FBO,84681587-0039-2,cancelled,2026-08-24T12:51:59.775663Z,84681587-0039,1,1197.0
Instax Shop,FBO,0238964395-0005-1,cancelled,2026-08-24T12:58:35.825510Z,0238964395-0005,1,1046.0
Instax Shop,FBO,0123160790-0450-1,delivered,2026-08-24T13:19:32.919020Z,0123160790-0450,1,1096.0
Instax Shop,FBO,0268691476-0011-1,delivered,2026-08-24T13:28:21.074989Z,0268691476-0011,1,1096.0
Instax Shop,FBO,38344957-0341-1,delivered,2026-08-24T13:28:46.087369Z,38344957-0341,1,1096.0
Instax Shop,FBO,32259361-0248-7,delivered,2026-08-24T13:31:14.971231Z,32259361-0248,1,1096.0
Instax Shop,FBO,0111624539-0093-1,cancelled,2026-08-24T13:36:10.732365Z,0111624539-0093,1,1096.0
Instax Shop,FBO,0111624539-0094-1,delivered,2026-08-24T13:39:29.273261Z,0111624539-0094,1,1096.0
Instax Shop,FBO,66101110-0598-1,delivered,2026-08-24T14:22:29.395099Z,66101110-0598,1,1096.0
Instax Shop,FBO,0196049471-0030-1,cancelled,2026-08-24T14:29:18.350150Z,0196049471-0030,1,1197.0
Instax Shop,FBO,45816809-0376-1,delivered,2026-08-24T15:07:00.001770Z,45816809-0376,1,1096.0
Instax Shop,FBO,42691283-0123-1,delivered,2026-08-24T15:22:32.185662Z,42691283-0123,1,1197.0
Instax Shop,FBO,67852527-0433-3,delivered,2026-08-24T15:36:00.586956Z,67852527-0433,1,1197.0
Instax Shop,FBO,18902636-0660-2,delivered,2026-08-24T15:51:40.725212Z,18902636-0660,1,1197.0
Instax Shop,FBO,15054603-0669-1,delivered,2026-08-24T15:57:34.668467Z,15054603-0669,1,1197.0
Instax Shop,FBO,0126139975-0164-3,delivered,2026-08-24T16:08:47.059502Z,0126139975-0164,1,1197.0
Instax Shop,FBO,15257929-0550-1,delivered,2026-08-24T16:10:59.768340Z,15257929-0550,1,1197.0
Instax Shop,FBO,58494066-0267-2,delivered,2026-08-24T16:18:35.112747Z,58494066-0267,1,1197.0
Instax Shop,FBO,66415776-0232-1,delivered,2026-08-24T16:23:47.341167Z,66415776-0232,1,1096.0
Instax Shop,FBO,94913360-0195-1,delivered,2026-08-24T16:26:05.032028Z,94913360-0195,1,1197.0
Instax Shop,FBO,0140491319-0214-1,delivered,2026-08-24T16:33:24.379476Z,0140491319-0214,1,1096.0
Instax Shop,FBO,31728836-0147-3,delivered,2026-08-24T16:34:48.748301Z,31728836-0147,1,1197.0
Instax Shop,FBO,0129683658-0043-1,delivered,2026-08-24T16:42:45.914399Z,0129683658-0043,1,1096.0
Instax Shop,FBO,43895646-0053-1,delivered,2026-08-24T16:55:49.370072Z,43895646-0053,1,1197.0
Instax Shop,FBO,0102474622-0017-9,delivered,2026-08-24T17:43:50.482946Z,0102474622-0017,1,1197.0
Instax Shop,FBO,92111538-1335-1,delivered,2026-08-24T17:53:52.867983Z,92111538-1335,1,1197.0
Instax Shop,FBO,35909592-0229-1,delivered,2026-08-24T18:24:06.892404Z,35909592-0229,1,1197.0
Instax Shop,FBO,31576123-0525-1,delivered,2026-08-24T18:36:59.695627Z,31576123-0525,1,1097.0
Instax Shop,FBO,79099584-0049-1,delivered,2026-08-24T19:01:20.295977Z,79099584-0049,1,1197.0
Instax Shop,FBO,29294392-0229-1,delivered,2026-08-24T19:04:45.268446Z,29294392-0229,1,1097.0
Instax Shop,FBO,33458685-0449-3,cancelled,2026-08-24T19:07:09.979958Z,33458685-0449,1,1097.0
Instax Shop,FBO,33458685-0449-4,cancelled,2026-08-24T19:07:09.979958Z,33458685-0449,1,1097.0
Instax Shop,FBO,36877238-0065-1,delivered,2026-08-24T19:12:44.599414Z,36877238-0065,1,1197.0
Instax Shop,FBO,17768337-0213-1,delivered,2026-08-24T19:32:41.885132Z,17768337-0213,1,1096.0
Instax Shop,FBO,08465737-0584-3,delivered,2026-08-24T19:50:52.767320Z,08465737-0584,1,1197.0
Instax Shop,FBO,37672158-0162-1,delivered,2026-08-24T19:54:39.933725Z,37672158-0162,1,1197.0
Instax Shop,FBO,88200339-0262-1,delivered,2026-08-24T20:07:22.901854Z,88200339-0262,1,1197.0
Instax Shop,FBO,0263624552-0003-131,delivered,2026-08-24T20:18:59.282966Z,0263624552-0003,1,1197.0
Instax Shop,FBO,47040587-0188-1,delivered,2026-08-24T20:22:08.491204Z,47040587-0188,1,1096.0
Instax Shop,FBO,05786365-0219-1,delivered,2026-08-24T20:22:17.852328Z,05786365-0219,1,1197.0
Instax Shop,FBO,0136800522-0460-3,cancelled,2026-08-24T21:01:28.972970Z,0136800522-0460,1,1197.0
Instax Shop,FBO,03447571-0304-1,delivered,2026-08-24T23:44:37.600772Z,03447571-0304,1,1097.0
Instax Shop,FBO,0118352438-0324-1,delivered,2026-08-24T23:47:41.983881Z,0118352438-0324,1,1197.0
Instax Shop,FBO,47490842-0087-1,delivered,2026-08-25T00:09:45.344811Z,47490842-0087,1,1197.0
Instax Shop,FBO,0128453890-0090-1,delivered,2026-08-25T00:40:36.920085Z,0128453890-0090,1,1197.0
Instax Shop,FBO,0118690462-0235-5,cancelled,2026-08-25T01:08:32.957415Z,0118690462-0235,1,1197.0
Instax Shop,FBO,0134369989-0632-1,delivered,2026-08-25T03:04:47.886257Z,0134369989-0632,1,1096.0
Instax Shop,FBO,31427969-0284-4,cancelled,2026-08-25T03:05:25.419079Z,31427969-0284,1,1197.0
Instax Shop,FBO,0124168918-0838-1,delivered,2026-08-25T03:15:03.524443Z,0124168918-0838,1,1197.0
Instax Shop,FBO,58836556-0052-1,delivered,2026-08-25T03:21:15.525058Z,58836556-0052,1,597.0
Instax Shop,FBO,67621911-0142-3,cancelled,2026-08-25T04:07:54.346250Z,67621911-0142,1,1197.0
Instax Shop,FBO,43961687-0176-1,delivered,2026-08-25T04:19:08.246997Z,43961687-0176,1,1197.0
Instax Shop,FBO,07023312-0386-1,delivered,2026-08-25T04:27:42.195417Z,07023312-0386,1,1097.0
Instax Shop,FBO,84975129-0051-1,delivered,2026-08-25T05:04:59.313068Z,84975129-0051,1,1197.0
Instax Shop,FBO,10441277-0148-1,delivered,2026-08-25T05:06:54.898386Z,10441277-0148,1,1197.0
Instax Shop,FBO,0150476903-0084-1,delivered,2026-08-25T05:28:35.901918Z,0150476903-0084,1,1097.0
Instax Shop,FBO,53010118-0421-1,delivered,2026-08-25T06:08:08.801072Z,53010118-0421,1,1197.0
Instax Shop,FBO,0127624999-0152-1,delivered,2026-08-25T06:28:46.220870Z,0127624999-0152,1,1197.0
Instax Shop,FBO,0133817103-0105-1,delivered,2026-08-25T06:41:12.999039Z,0133817103-0105,1,1197.0
Instax Shop,FBO,90006365-0044-1,delivered,2026-08-25T07:10:00.444265Z,90006365-0044,1,1197.0
Instax Shop,FBO,41278616-0102-1,delivered,2026-08-25T08:07:10.628667Z,41278616-0102,1,1097.0
Instax Shop,FBO,36331331-0134-1,delivered,2026-08-25T08:31:22.192979Z,36331331-0134,1,1197.0
Instax Shop,FBO,36331331-0135-1,delivered,2026-08-25T08:31:38.440736Z,36331331-0135,1,1197.0
Instax Shop,FBO,0241095955-0016-2,delivered,2026-08-25T08:32:18.934934Z,0241095955-0016,1,1197.0
Instax Shop,FBO,98350324-0021-1,delivered,2026-08-25T08:49:17.422278Z,98350324-0021,1,677.0
Instax Shop,FBO,0157485612-0365-1,delivered,2026-08-25T09:05:35.810529Z,0157485612-0365,1,1197.0
Instax Shop,FBO,45833340-0449-1,cancelled,2026-08-25T10:16:45.886900Z,45833340-0449,1,1197.0
Instax Shop,FBO,75696409-0112-1,delivered,2026-08-25T10:27:41.415294Z,75696409-0112,1,777.0
Instax Shop,FBO,0143510054-0096-1,delivered,2026-08-25T10:37:03.770943Z,0143510054-0096,1,947.0
Instax Shop,FBO,08461851-0111-2,delivered,2026-08-25T10:48:30.677163Z,08461851-0111,1,597.0
Instax Shop,FBO,71254083-0163-1,delivered,2026-08-25T10:53:19.543352Z,71254083-0163,1,1197.0
Instax Shop,FBO,0121717801-0094-1,delivered,2026-08-25T11:03:27.021104Z,0121717801-0094,1,1197.0
Instax Shop,FBO,76713671-0222-1,delivered,2026-08-25T11:04:06.384989Z,76713671-0222,1,1197.0
Instax Shop,FBO,0210049558-0054-1,delivered,2026-08-25T11:13:36.441740Z,0210049558-0054,1,1197.0
Instax Shop,FBO,0206335906-0043-3,delivered,2026-08-25T11:40:26.091527Z,0206335906-0043,1,1197.0
Instax Shop,FBO,48615487-0050-1,delivered,2026-08-25T11:49:12.663826Z,48615487-0050,1,597.0
Instax Shop,FBO,0156123643-0160-1,delivered,2026-08-25T11:58:37.851222Z,0156123643-0160,1,1197.0
Instax Shop,FBO,35846957-0105-5,delivered,2026-08-25T12:05:21.932561Z,35846957-0105,1,1197.0
Instax Shop,FBO,45536186-0393-1,delivered,2026-08-25T12:23:37.407522Z,45536186-0393,1,1197.0
Instax Shop,FBO,14859183-0424-1,delivered,2026-08-25T12:28:19.727010Z,14859183-0424,1,1197.0
Instax Shop,FBO,0206625114-0166-1,delivered,2026-08-25T12:42:42.384783Z,0206625114-0166,1,1197.0
Instax Shop,FBO,91848744-0011-2,delivered,2026-08-25T12:50:17.972917Z,91848744-0011,1,777.0
Instax Shop,FBO,0186630696-0037-1,delivered,2026-08-25T13:53:40.089700Z,0186630696-0037,1,947.0
Instax Shop,FBO,0224638402-0040-1,cancelled,2026-08-25T13:55:23.177882Z,0224638402-0040,1,1197.0
Instax Shop,FBO,0103683635-0151-1,cancelled,2026-08-25T13:59:15.246308Z,0103683635-0151,1,1197.0
Instax Shop,FBO,59733759-0077-1,delivered,2026-08-25T14:20:54.795204Z,59733759-0077,1,1197.0
Instax Shop,FBO,28779019-0152-3,delivered,2026-08-25T14:54:52.759648Z,28779019-0152,1,947.0
Instax Shop,FBO,0199373870-0032-1,delivered,2026-08-25T15:42:38.612253Z,0199373870-0032,1,1197.0
Instax Shop,FBO,0128734219-0353-1,delivered,2026-08-25T15:46:40.808995Z,0128734219-0353,1,1197.0
Instax Shop,FBO,0159418005-0443-1,delivered,2026-08-25T16:05:31.202939Z,0159418005-0443,1,1197.0
Instax Shop,FBO,29519240-0204-1,delivered,2026-08-25T16:37:44.468855Z,29519240-0204,1,1197.0
Instax Shop,FBO,0156884263-0207-1,delivered,2026-08-25T16:45:46.026601Z,0156884263-0207,1,1197.0
Instax Shop,FBO,38690402-0329-1,cancelled,2026-08-25T16:58:45.866518Z,38690402-0329,1,1197.0
Instax Shop,FBO,0201598351-0135-1,delivered,2026-08-25T17:05:26.626377Z,0201598351-0135,1,1197.0
Instax Shop,FBO,0258924812-0046-1,delivered,2026-08-25T17:05:56.779794Z,0258924812-0046,1,1197.0
Instax Shop,FBO,45575372-0542-1,delivered,2026-08-25T17:06:35.042607Z,45575372-0542,1,1197.0
Instax Shop,FBO,0111624539-0095-1,delivered,2026-08-25T17:10:01.250173Z,0111624539-0095,1,1097.0
Instax Shop,FBO,0111624539-0096-1,cancelled,2026-08-25T17:11:44.290477Z,0111624539-0096,1,1096.0
Instax Shop,FBO,41423420-0217-2,delivered,2026-08-25T17:46:39.468503Z,41423420-0217,1,1197.0
Instax Shop,FBO,89634891-0659-1,delivered,2026-08-25T17:52:34.930994Z,89634891-0659,1,1197.0
Instax Shop,FBO,63235641-0147-3,delivered,2026-08-25T17:54:42.119648Z,63235641-0147,1,677.0
Instax Shop,FBO,0157493275-0077-1,delivered,2026-08-25T17:56:41.922643Z,0157493275-0077,1,1197.0
Instax Shop,FBO,55305681-0284-3,delivered,2026-08-25T18:04:17.089974Z,55305681-0284,1,1197.0
Instax Shop,FBO,16195634-0245-2,delivered,2026-08-25T18:45:45.769266Z,16195634-0245,1,1097.0
Instax Shop,FBO,30208608-0232-1,delivered,2026-08-25T18:52:11.568834Z,30208608-0232,1,1197.0
Instax Shop,FBO,0162460530-0062-2,delivered,2026-08-25T19:25:21.246810Z,0162460530-0062,1,1197.0
Instax Shop,FBO,46788972-0255-1,delivered,2026-08-25T19:35:56.221253Z,46788972-0255,1,1197.0
Instax Shop,FBO,70379498-0161-1,delivered,2026-08-25T19:43:30.580189Z,70379498-0161,1,1096.0
Instax Shop,FBO,0180157844-0256-1,delivered,2026-08-25T19:45:26.238129Z,0180157844-0256,1,1197.0
Instax Shop,FBO,0223049362-0015-1,delivered,2026-08-25T19:52:34.341892Z,0223049362-0015,1,1197.0
Instax Shop,FBO,87149740-0047-1,delivered,2026-08-25T20:09:58.330720Z,87149740-0047,1,1197.0
Instax Shop,FBO,14641785-0508-1,delivered,2026-08-25T20:34:38.948105Z,14641785-0508,1,1197.0
Instax Shop,FBO,58079741-0040-1,delivered,2026-08-25T20:38:52.072648Z,58079741-0040,1,1097.0
Instax Shop,FBO,36326495-0392-7,delivered,2026-08-25T22:14:46.162245Z,36326495-0392,1,1197.0
Instax Shop,FBO,0266016229-0003-1,delivered,2026-08-26T00:32:22.043286Z,0266016229-0003,1,1197.0
Instax Shop,FBO,0102963087-0117-1,delivered,2026-08-26T01:22:14.990321Z,0102963087-0117,1,1197.0
Instax Shop,FBO,72270189-0067-4,delivered,2026-08-26T02:21:22.699655Z,72270189-0067,1,1097.0
Instax Shop,FBO,0152968225-0065-1,delivered,2026-08-26T02:38:39.579731Z,0152968225-0065,1,1197.0
Instax Shop,FBO,0139060861-0014-1,delivered,2026-08-26T03:42:22.511370Z,0139060861-0014,1,597.0
Instax Shop,FBO,73747440-0159-1,delivered,2026-08-26T04:02:18.259769Z,73747440-0159,1,1197.0
Instax Shop,FBO,50876241-0424-1,delivered,2026-08-26T04:25:56.545696Z,50876241-0424,1,677.0
Instax Shop,FBO,0250423033-0037-1,delivered,2026-08-26T04:28:52.639486Z,0250423033-0037,1,1197.0
Instax Shop,FBO,51083780-0909-1,delivered,2026-08-26T04:30:26.553743Z,51083780-0909,1,1197.0
Instax Shop,FBO,42665587-0184-1,delivered,2026-08-26T04:36:58.281255Z,42665587-0184,1,1097.0
Instax Shop,FBO,0131974027-0693-1,cancelled,2026-08-26T04:53:04.645488Z,0131974027-0693,1,1197.0
Instax Shop,FBO,19956801-0064-1,delivered,2026-08-26T04:59:15.459203Z,19956801-0064,1,1197.0
Instax Shop,FBO,39404869-0232-1,delivered,2026-08-26T05:06:38.687730Z,39404869-0232,1,1197.0
Instax Shop,FBO,89640982-0077-3,delivered,2026-08-26T05:11:16.515572Z,89640982-0077,1,1197.0
Instax Shop,FBO,79472620-0124-1,delivered,2026-08-26T05:12:19.383487Z,79472620-0124,1,1197.0
Instax Shop,FBO,79472620-0124-3,cancelled,2026-08-26T05:12:19.383487Z,79472620-0124,1,1197.0
Instax Shop,FBO,0124436095-0320-1,cancelled,2026-08-26T05:17:19.316611Z,0124436095-0320,1,1096.0
Instax Shop,FBO,0124436095-0321-1,delivered,2026-08-26T05:24:09.940312Z,0124436095-0321,1,1096.0
Instax Shop,FBO,0110531156-0032-1,delivered,2026-08-26T05:30:53.781840Z,0110531156-0032,1,1197.0
Instax Shop,FBO,0169057895-0047-1,cancelled,2026-08-26T05:44:43.396386Z,0169057895-0047,1,1197.0
Instax Shop,FBO,0128951044-0115-1,delivered,2026-08-26T05:52:56.502707Z,0128951044-0115,1,1197.0
Instax Shop,FBO,65791849-0076-1,delivered,2026-08-26T06:08:34.159223Z,65791849-0076,1,1197.0
Instax Shop,FBO,63842221-0048-1,delivered,2026-08-26T06:20:13.395915Z,63842221-0048,1,1197.0
Instax Shop,FBO,0250907126-0021-1,delivered,2026-08-26T06:20:52.349568Z,0250907126-0021,1,1197.0
Instax Shop,FBO,49078212-0176-1,delivered,2026-08-26T06:24:48.388818Z,49078212-0176,1,677.0
Instax Shop,FBO,0186690750-0383-1,delivered,2026-08-26T06:30:23.145533Z,0186690750-0383,1,1197.0
Instax Shop,FBO,0103601528-0226-1,delivered,2026-08-26T06:53:20.900503Z,0103601528-0226,1,1197.0
Instax Shop,FBO,0108308973-0068-1,delivered,2026-08-26T06:57:46.398680Z,0108308973-0068,1,1197.0
Instax Shop,FBO,45833340-0450-1,delivered,2026-08-26T07:04:01.400637Z,45833340-0450,1,1197.0
Instax Shop,FBO,32748620-0439-1,delivered,2026-08-26T07:29:18.914253Z,32748620-0439,1,1197.0
Instax Shop,FBO,56260842-0147-1,delivered,2026-08-26T07:46:23.825754Z,56260842-0147,1,1197.0
Instax Shop,FBO,77777509-0481-1,delivered,2026-08-26T07:57:27.010464Z,77777509-0481,1,1197.0
Instax Shop,FBO,0125087133-0043-1,delivered,2026-08-26T08:02:50.095168Z,0125087133-0043,1,1197.0
Instax Shop,FBO,51502697-0332-1,delivered,2026-08-26T08:03:17.755126Z,51502697-0332,1,1197.0
Instax Shop,FBO,0200842274-0120-1,delivered,2026-08-26T08:09:32.393663Z,0200842274-0120,1,1096.0
Instax Shop,FBO,79208046-0069-1,delivered,2026-08-26T08:12:27.245320Z,79208046-0069,1,777.0
Instax Shop,FBO,68546591-0345-2,delivered,2026-08-26T08:15:42.769369Z,68546591-0345,1,1096.0
Instax Shop,FBO,48460107-0127-1,delivered,2026-08-26T08:15:58.498158Z,48460107-0127,1,1197.0
Instax Shop,FBO,0206686812-0179-1,cancelled,2026-08-26T08:19:50.911049Z,0206686812-0179,1,777.0
Instax Shop,FBO,66902455-0335-1,delivered,2026-08-26T08:31:47.913768Z,66902455-0335,1,1197.0
Instax Shop,FBO,0124836321-0646-1,cancelled,2026-08-26T08:53:56.290641Z,0124836321-0646,1,1197.0
Instax Shop,FBO,81843588-0144-1,delivered,2026-08-26T09:04:29.344756Z,81843588-0144,1,1197.0
Instax Shop,FBO,69407818-0175-3,cancelled,2026-08-26T09:26:23.339920Z,69407818-0175,1,1097.0
Instax Shop,FBO,22309163-0266-1,delivered,2026-08-26T09:32:34.081071Z,22309163-0266,1,1197.0
Instax Shop,FBO,0132013379-0295-1,delivered,2026-08-26T09:55:38.760901Z,0132013379-0295,1,1197.0
Instax Shop,FBO,29142117-0234-1,delivered,2026-08-26T09:59:34.106492Z,29142117-0234,1,1096.0
Instax Shop,FBO,0183240621-0351-2,cancelled,2026-08-26T10:02:29.281426Z,0183240621-0351,1,1197.0
Instax Shop,FBO,0104502583-0365-1,delivered,2026-08-26T10:10:35.351873Z,0104502583-0365,1,1197.0
Instax Shop,FBO,18452705-0711-1,cancelled,2026-08-26T10:17:33.300786Z,18452705-0711,1,1096.0
Instax Shop,FBO,29865537-0130-6,delivered,2026-08-26T10:29:45.487586Z,29865537-0130,1,1097.0
Instax Shop,FBO,04334071-0878-1,delivered,2026-08-26T10:50:13.333170Z,04334071-0878,1,1096.0
Instax Shop,FBO,0106899956-0042-1,delivered,2026-08-26T10:53:29.645972Z,0106899956-0042,1,1097.0
Instax Shop,FBO,0185812623-0221-1,delivered,2026-08-26T11:04:45.156659Z,0185812623-0221,1,1096.0
Instax Shop,FBO,39832533-0102-4,cancelled,2026-08-26T11:41:30.554185Z,39832533-0102,1,1197.0
Instax Shop,FBO,44791371-0109-1,delivered,2026-08-26T11:42:17.811500Z,44791371-0109,1,597.0
Instax Shop,FBO,33888313-0113-1,delivered,2026-08-26T11:50:34.154486Z,33888313-0113,1,1197.0
Instax Shop,FBO,08574302-1562-1,delivered,2026-08-26T11:56:05.774676Z,08574302-1562,1,677.0
Instax Shop,FBO,13450404-0791-1,delivered,2026-08-26T12:01:39.219308Z,13450404-0791,1,597.0
Instax Shop,FBO,38576162-0296-1,delivered,2026-08-26T12:05:11.777023Z,38576162-0296,1,1197.0
Instax Shop,FBO,45247794-0399-1,cancelled,2026-08-26T12:32:10.268084Z,45247794-0399,1,1197.0
Instax Shop,FBO,0129040102-0015-1,delivered,2026-08-26T12:35:32.699539Z,0129040102-0015,1,1197.0
Instax Shop,FBO,0212464843-0123-1,delivered,2026-08-26T13:41:00.402536Z,0212464843-0123,1,597.0
Instax Shop,FBO,0146008741-0729-1,delivered,2026-08-26T14:28:26.335092Z,0146008741-0729,1,1097.0
Instax Shop,FBO,89093143-0118-1,delivered,2026-08-26T14:42:11.961827Z,89093143-0118,1,1097.0
Instax Shop,FBO,44606777-0097-5,cancelled,2026-08-26T16:03:16.654090Z,44606777-0097,1,1197.0
Instax Shop,FBO,0125441788-0039-1,delivered,2026-08-26T16:09:31.962240Z,0125441788-0039,1,1197.0
Instax Shop,FBO,99385968-0143-3,delivered,2026-08-26T16:10:03.664257Z,99385968-0143,1,1197.0
Instax Shop,FBO,99385968-0143-4,delivered,2026-08-26T16:10:03.664257Z,99385968-0143,1,1197.0
Instax Shop,FBO,66251389-0435-3,delivered,2026-08-26T16:29:55.789157Z,66251389-0435,1,1197.0
Instax Shop,FBO,0132534859-0041-1,delivered,2026-08-26T16:42:03.273282Z,0132534859-0041,1,1197.0
Instax Shop,FBO,14031532-0646-3,delivered,2026-08-26T17:06:35.407720Z,14031532-0646,1,1197.0
Instax Shop,FBO,38464820-0609-1,delivered,2026-08-26T17:06:39.613153Z,38464820-0609,1,1197.0
Instax Shop,FBO,46158795-0580-1,delivered,2026-08-26T17:13:58.010050Z,46158795-0580,1,1197.0
Instax Shop,FBO,0136483134-0261-1,delivered,2026-08-26T17:21:18.554061Z,0136483134-0261,1,1096.0
Instax Shop,FBO,67349699-0124-1,delivered,2026-08-26T17:31:24.363359Z,67349699-0124,1,1197.0
Instax Shop,FBO,63469214-0267-3,cancelled,2026-08-26T17:34:22.187536Z,63469214-0267,1,1197.0
Instax Shop,FBO,36938271-0345-1,delivered,2026-08-26T17:40:04.979378Z,36938271-0345,1,1197.0
Instax Shop,FBO,42130724-0115-1,delivered,2026-08-26T17:44:00.564785Z,42130724-0115,1,1197.0
Instax Shop,FBO,29661540-0252-1,delivered,2026-08-26T17:54:47.941788Z,29661540-0252,1,1077.0
Instax Shop,FBO,21353519-0746-1,cancelled,2026-08-26T18:09:11.466651Z,21353519-0746,1,1197.0
Instax Shop,FBO,0123160053-0062-4,delivered,2026-08-26T18:16:01.483126Z,0123160053-0062,1,1197.0
Instax Shop,FBO,05264437-0481-1,delivered,2026-08-26T18:22:13.023491Z,05264437-0481,1,1197.0
Instax Shop,FBO,0105651577-0226-1,cancelled,2026-08-26T18:38:40.015945Z,0105651577-0226,1,1197.0
Instax Shop,FBO,11156554-0147-1,delivered,2026-08-26T18:41:31.713760Z,11156554-0147,1,597.0
Instax Shop,FBO,29985979-0813-1,delivered,2026-08-26T18:59:18.647709Z,29985979-0813,1,597.0
Instax Shop,FBO,20579373-0286-1,delivered,2026-08-26T19:37:32.667971Z,20579373-0286,1,1197.0
Instax Shop,FBO,49761753-0177-3,delivered,2026-08-26T19:39:16.681653Z,49761753-0177,1,1197.0
Instax Shop,FBO,68833837-0480-2,delivered,2026-08-26T20:55:59.027832Z,68833837-0480,1,1197.0
Instax Shop,FBO,0168074703-0254-1,cancelled,2026-08-26T21:15:43.010358Z,0168074703-0254,1,1197.0
Instax Shop,FBO,78666582-0081-1,delivered,2026-08-26T21:44:26.075824Z,78666582-0081,1,777.0
Instax Shop,FBO,20360293-0338-1,delivered,2026-08-27T00:05:13.816154Z,20360293-0338,1,777.0
Instax Shop,FBO,24225971-0195-2,delivered,2026-08-27T00:28:34.080079Z,24225971-0195,1,1197.0
Instax Shop,FBO,42956689-0664-1,cancelled,2026-08-27T01:11:33.048561Z,42956689-0664,1,1197.0
Instax Shop,FBO,0125859219-0546-1,delivered,2026-08-27T01:57:37.377170Z,0125859219-0546,1,1197.0
Instax Shop,FBO,88454387-0257-1,delivered,2026-08-27T02:16:15.031436Z,88454387-0257,1,1197.0
Instax Shop,FBO,34454712-0271-2,cancelled,2026-08-27T02:17:23.189062Z,34454712-0271,1,1197.0
Instax Shop,FBO,34454712-0271-3,delivered,2026-08-27T02:17:23.189062Z,34454712-0271,1,1197.0
Instax Shop,FBO,0160677080-0425-3,cancelled,2026-08-27T02:20:19.192594Z,0160677080-0425,1,1197.0
Instax Shop,FBO,94436313-0426-1,delivered,2026-08-27T02:47:17.702722Z,94436313-0426,1,1096.0
Instax Shop,FBO,0135270332-0280-1,delivered,2026-08-27T03:26:34.284478Z,0135270332-0280,1,1197.0
Instax Shop,FBO,39116615-0141-1,delivered,2026-08-27T03:34:50.152431Z,39116615-0141,1,777.0
Instax Shop,FBO,09462177-0801-1,delivered,2026-08-27T03:35:42.293569Z,09462177-0801,1,1096.0
Instax Shop,FBO,77589183-0060-1,delivered,2026-08-27T04:01:43.884805Z,77589183-0060,1,1197.0
Instax Shop,FBO,72241469-0756-1,cancelled,2026-08-27T04:08:26.174776Z,72241469-0756,1,1096.0
Instax Shop,FBO,78854881-0784-1,cancelled,2026-08-27T04:10:58.228711Z,78854881-0784,1,1197.0
Instax Shop,FBO,0180703781-0169-1,delivering,2026-08-27T04:13:25.050738Z,0180703781-0169,1,1096.0
Instax Shop,FBO,14298294-0260-1,delivered,2026-08-27T04:18:54.163810Z,14298294-0260,1,1197.0
Instax Shop,FBO,26264546-0406-1,delivered,2026-08-27T04:19:40.215399Z,26264546-0406,1,1096.0
Instax Shop,FBO,32898711-0337-3,delivered,2026-08-27T04:49:22.403773Z,32898711-0337,1,1097.0
Instax Shop,FBO,49095250-0180-1,delivered,2026-08-27T04:59:08.259211Z,49095250-0180,1,1097.0
Instax Shop,FBO,55230736-0264-5,delivered,2026-08-27T05:04:27.091248Z,55230736-0264,1,1197.0
Instax Shop,FBO,0133988045-0173-1,delivered,2026-08-27T05:11:21.584249Z,0133988045-0173,1,777.0
Instax Shop,FBO,18828518-0429-5,cancelled,2026-08-27T05:17:14.728879Z,18828518-0429,1,1197.0
Instax Shop,FBO,20915404-0705-3,delivered,2026-08-27T05:30:48.910641Z,20915404-0705,1,1197.0
Instax Shop,FBO,91065704-0699-1,delivered,2026-08-27T05:41:24.944297Z,91065704-0699,1,1197.0
Instax Shop,FBO,92390279-0065-1,delivered,2026-08-27T05:42:31.053213Z,92390279-0065,1,1197.0
Instax Shop,FBO,12248819-0587-1,delivered,2026-08-27T05:48:43.826938Z,12248819-0587,1,1197.0
Instax Shop,FBO,13834008-0752-1,delivered,2026-08-27T05:54:22.890231Z,13834008-0752,1,1197.0
Instax Shop,FBO,89634891-0660-1,cancelled,2026-08-27T06:00:11.081060Z,89634891-0660,1,1197.0
Instax Shop,FBO,05193718-0110-1,delivered,2026-08-27T06:03:22.400972Z,05193718-0110,1,777.0
Instax Shop,FBO,40648346-1220-1,cancelled,2026-08-27T06:22:31.512361Z,40648346-1220,1,1197.0
Instax Shop,FBO,86765485-0143-1,delivered,2026-08-27T06:25:31.032366Z,86765485-0143,1,1077.0
Instax Shop,FBO,0152596186-0025-1,delivered,2026-08-27T06:29:43.982931Z,0152596186-0025,1,1197.0
Instax Shop,FBO,06183068-0526-1,delivered,2026-08-27T06:33:56.140479Z,06183068-0526,1,1197.0
Instax Shop,FBO,66897747-0028-1,delivered,2026-08-27T06:52:31.756146Z,66897747-0028,1,677.0
Instax Shop,FBO,39985132-0163-1,cancelled,2026-08-27T06:53:22.901481Z,39985132-0163,1,947.0
Instax Shop,FBO,64746521-0067-1,delivered,2026-08-27T06:58:38.001166Z,64746521-0067,1,1197.0
Instax Shop,FBO,72767310-0057-1,delivered,2026-08-27T07:03:59.704868Z,72767310-0057,1,1197.0
Instax Shop,FBO,12456991-0561-3,cancelled,2026-08-27T07:05:31.092520Z,12456991-0561,1,1197.0
Instax Shop,FBO,41451192-0408-1,delivered,2026-08-27T07:05:31.093792Z,41451192-0408,1,1097.0
Instax Shop,FBO,21028370-0187-1,delivered,2026-08-27T07:07:53.815261Z,21028370-0187,1,1096.0
Instax Shop,FBO,0241632531-0013-1,delivered,2026-08-27T07:09:15.951143Z,0241632531-0013,1,1197.0
Instax Shop,FBO,72241469-0758-1,delivered,2026-08-27T07:20:29.487229Z,72241469-0758,1,1197.0
Instax Shop,FBO,0158078001-0059-9,cancelled,2026-08-27T07:20:41.229836Z,0158078001-0059,1,1197.0
Instax Shop,FBO,0164040852-0414-1,delivered,2026-08-27T07:21:49.555297Z,0164040852-0414,1,1197.0
Instax Shop,FBO,99243092-0123-1,delivered,2026-08-27T07:39:58.129924Z,99243092-0123,1,1197.0
Instax Shop,FBO,58598826-0388-1,delivered,2026-08-27T07:42:28.493741Z,58598826-0388,1,1197.0
Instax Shop,FBO,84443367-0315-1,delivered,2026-08-27T07:56:39.523778Z,84443367-0315,1,1197.0
Instax Shop,FBO,39482756-0100-1,delivered,2026-08-27T08:05:04.878335Z,39482756-0100,1,1197.0
Instax Shop,FBO,27902391-0300-1,delivered,2026-08-27T08:14:29.647869Z,27902391-0300,1,1197.0
Instax Shop,FBO,61816413-0428-1,delivered,2026-08-27T08:35:05.026588Z,61816413-0428,1,1197.0
Instax Shop,FBO,0151148614-0320-1,delivered,2026-08-27T08:39:40.562413Z,0151148614-0320,1,1197.0
Instax Shop,FBO,0136878283-0014-2,delivered,2026-08-27T08:47:52.851570Z,0136878283-0014,1,1197.0
Instax Shop,FBO,89719476-0113-1,delivered,2026-08-27T09:28:16.280504Z,89719476-0113,1,1197.0
Instax Shop,FBO,17930613-0471-2,delivered,2026-08-27T09:36:37.222059Z,17930613-0471,1,1197.0
Instax Shop,FBO,79173859-0393-1,delivered,2026-08-27T09:38:04.546161Z,79173859-0393,1,1197.0
Instax Shop,FBO,71961694-0461-4,cancelled,2026-08-27T09:41:46.140756Z,71961694-0461,1,1197.0
Instax Shop,FBO,71961694-0462-2,cancelled,2026-08-27T10:02:58.738975Z,71961694-0462,1,1197.0
Instax Shop,FBO,83511757-0526-1,delivered,2026-08-27T10:04:41.655419Z,83511757-0526,1,1077.0
Instax Shop,FBO,99114512-0153-1,delivered,2026-08-27T10:14:37.121093Z,99114512-0153,1,1197.0
Instax Shop,FBO,44309528-0511-1,delivered,2026-08-27T10:51:09.686659Z,44309528-0511,1,1197.0
Instax Shop,FBO,64740871-0431-2,delivered,2026-08-27T11:39:28.829282Z,64740871-0431,1,1197.0
Instax Shop,FBO,0139619197-0168-1,delivered,2026-08-27T11:57:50.483045Z,0139619197-0168,1,597.0
Instax Shop,FBO,0197788110-0008-1,cancelled,2026-08-27T11:58:56.916112Z,0197788110-0008,1,1197.0
Instax Shop,FBO,55356813-0792-1,delivered,2026-08-27T12:13:31.829319Z,55356813-0792,1,1197.0
Instax Shop,FBO,34932447-0351-3,delivered,2026-08-27T12:37:56.525690Z,34932447-0351,1,1197.0
Instax Shop,FBO,0177741953-0077-1,delivered,2026-08-27T12:44:50.573600Z,0177741953-0077,1,1197.0
Instax Shop,FBO,0107226389-0149-1,delivered,2026-08-27T12:50:34.860474Z,0107226389-0149,1,1197.0
Instax Shop,FBO,38690402-0336-1,delivered,2026-08-27T12:55:42.922584Z,38690402-0336,1,1197.0
Instax Shop,FBO,11425544-0215-1,delivered,2026-08-27T13:09:11.115356Z,11425544-0215,1,1197.0
Instax Shop,FBO,0162947983-0028-2,cancelled,2026-08-27T13:17:17.625488Z,0162947983-0028,1,1097.0
Instax Shop,FBO,0119033081-0204-1,delivered,2026-08-27T13:40:20.303271Z,0119033081-0204,1,1197.0
Instax Shop,FBO,79839889-0047-1,delivered,2026-08-27T13:45:56.364265Z,79839889-0047,1,1197.0
Instax Shop,FBO,06665663-0556-3,cancelled,2026-08-27T14:07:22.764803Z,06665663-0556,1,777.0
Instax Shop,FBO,0180260350-0022-1,delivered,2026-08-27T14:08:14.177071Z,0180260350-0022,1,596.0
Instax Shop,FBO,0138167812-0148-1,cancelled,2026-08-27T14:11:25.063593Z,0138167812-0148,1,1197.0
Instax Shop,FBO,38380172-0059-1,delivered,2026-08-27T14:16:14.356016Z,38380172-0059,1,1197.0
Instax Shop,FBO,0137857115-0260-1,delivered,2026-08-27T14:38:37.274685Z,0137857115-0260,1,1197.0
Instax Shop,FBO,0144191761-0029-1,delivered,2026-08-27T15:08:02.999515Z,0144191761-0029,1,777.0
Instax Shop,FBO,64637067-0385-2,delivered,2026-08-27T15:49:45.862916Z,64637067-0385,1,1097.0
Instax Shop,FBO,0125748614-0115-1,delivered,2026-08-27T15:53:32.319361Z,0125748614-0115,1,1197.0
Instax Shop,FBO,15256274-0306-1,delivered,2026-08-27T16:08:05.516680Z,15256274-0306,1,1197.0
Instax Shop,FBO,0101630784-0105-1,delivered,2026-08-27T16:10:35.230849Z,0101630784-0105,1,1197.0
Instax Shop,FBO,29118882-0067-2,delivered,2026-08-27T16:16:19.165958Z,29118882-0067,1,1197.0
Instax Shop,FBO,79200806-0082-1,delivered,2026-08-27T16:30:13.912175Z,79200806-0082,1,1197.0
Instax Shop,FBO,0113365332-0017-1,delivered,2026-08-27T16:38:49.683490Z,0113365332-0017,1,677.0
Instax Shop,FBO,0151244663-0081-5,delivered,2026-08-27T16:45:02.437911Z,0151244663-0081,1,1096.0
Instax Shop,FBO,97822570-0075-1,delivered,2026-08-27T16:46:45.057028Z,97822570-0075,1,1197.0
Instax Shop,FBO,11610297-0320-1,delivered,2026-08-27T16:48:15.383550Z,11610297-0320,1,1197.0
Instax Shop,FBO,0138217861-0079-1,delivered,2026-08-27T16:50:59.712321Z,0138217861-0079,1,1197.0
Instax Shop,FBO,0119085130-0504-1,delivered,2026-08-27T16:57:31.360493Z,0119085130-0504,1,1096.0
Instax Shop,FBO,51663477-0938-1,delivered,2026-08-27T17:22:50.224918Z,51663477-0938,1,1197.0
Instax Shop,FBO,43678480-0107-1,delivered,2026-08-27T17:23:03.963983Z,43678480-0107,1,1096.0
Instax Shop,FBO,64843805-0054-1,delivered,2026-08-27T17:32:09.075100Z,64843805-0054,1,1197.0
Instax Shop,FBO,55197629-0466-5,delivered,2026-08-27T17:42:30.636083Z,55197629-0466,1,1197.0
Instax Shop,FBO,56968017-0297-1,delivered,2026-08-27T17:45:26.648997Z,56968017-0297,1,1197.0
Instax Shop,FBO,40219684-0485-1,delivered,2026-08-27T17:46:40.852172Z,40219684-0485,1,1197.0
Instax Shop,FBO,41256718-0163-1,delivered,2026-08-27T17:48:51.179616Z,41256718-0163,1,1197.0
Instax Shop,FBO,0146242444-0048-1,delivered,2026-08-27T18:08:41.901731Z,0146242444-0048,1,777.0
Instax Shop,FBO,0232738551-0024-1,delivered,2026-08-27T18:09:39.266546Z,0232738551-0024,1,1197.0
Instax Shop,FBO,36513266-0231-1,cancelled,2026-08-27T18:13:21.938821Z,36513266-0231,1,1197.0
Instax Shop,FBO,36513266-0231-3,cancelled,2026-08-27T18:13:21.938821Z,36513266-0231,1,1197.0
Instax Shop,FBO,96657898-0183-1,delivered,2026-08-27T18:14:04.114185Z,96657898-0183,1,1197.0
Instax Shop,FBO,16227524-0643-1,delivered,2026-08-27T18:20:18.960493Z,16227524-0643,1,1097.0
Instax Shop,FBO,0205953619-0004-3,cancelled,2026-08-27T18:26:18.112021Z,0205953619-0004,1,1197.0
Instax Shop,FBO,98102446-0984-1,delivered,2026-08-27T18:45:50.050887Z,98102446-0984,1,597.0
Instax Shop,FBO,0188880791-0002-1,delivered,2026-08-27T19:05:42.245236Z,0188880791-0002,1,1077.0
Instax Shop,FBO,64124639-0237-1,cancelled,2026-08-27T19:41:48.027577Z,64124639-0237,1,1197.0
Instax Shop,FBO,0121613465-0094-2,delivered,2026-08-27T19:46:47.530585Z,0121613465-0094,1,1197.0
Instax Shop,FBO,72241469-0762-1,cancelled,2026-08-27T19:48:44.121153Z,72241469-0762,1,1197.0
Instax Shop,FBO,03386934-0800-1,delivered,2026-08-27T20:04:03.074572Z,03386934-0800,1,1197.0
Instax Shop,FBO,72839375-0438-1,cancelled,2026-08-27T20:36:08.146569Z,72839375-0438,1,1197.0
Instax Shop,FBO,36756939-1327-1,delivered,2026-08-27T20:41:17.874218Z,36756939-1327,1,1096.0
Instax Shop,FBO,40852163-0152-2,delivered,2026-08-27T21:41:02.759729Z,40852163-0152,1,1197.0
Instax Shop,FBO,0152287504-0084-1,delivering,2026-08-27T22:03:03.759989Z,0152287504-0084,1,1197.0
Instax Shop,FBO,78280407-0111-1,cancelled,2026-08-28T00:31:20.763566Z,78280407-0111,1,1197.0
Instax Shop,FBO,0117427988-0461-1,delivered,2026-08-28T01:08:45.951386Z,0117427988-0461,1,1197.0
Instax Shop,FBO,0169057895-0048-2,delivered,2026-08-28T02:28:46.869575Z,0169057895-0048,1,1197.0
Instax Shop,FBO,69225787-0317-1,delivered,2026-08-28T02:46:07.462934Z,69225787-0317,1,1197.0
Instax Shop,FBO,0129505290-0092-1,delivered,2026-08-28T03:26:11.645127Z,0129505290-0092,1,1197.0
Instax Shop,FBO,87913825-0145-1,delivered,2026-08-28T03:28:29.085035Z,87913825-0145,1,1197.0
Instax Shop,FBO,0213081853-0104-1,delivered,2026-08-28T03:34:10.285538Z,0213081853-0104,1,1197.0
Instax Shop,FBO,35075703-0137-1,delivered,2026-08-28T04:25:54.967680Z,35075703-0137,1,1197.0
Instax Shop,FBO,0126168018-0195-1,delivered,2026-08-28T04:27:39.908736Z,0126168018-0195,1,597.0
Instax Shop,FBO,57347669-0316-1,delivered,2026-08-28T05:00:32.326806Z,57347669-0316,1,1197.0
Instax Shop,FBO,65191225-0164-1,delivered,2026-08-28T05:12:48.677411Z,65191225-0164,1,1097.0
Instax Shop,FBO,47458548-0358-1,delivered,2026-08-28T05:16:03.509884Z,47458548-0358,1,1097.0
Instax Shop,FBO,0250237448-0197-1,cancelled,2026-08-28T05:24:16.814957Z,0250237448-0197,1,1197.0
Instax Shop,FBO,0121700575-0109-1,cancelled,2026-08-28T06:10:38.691947Z,0121700575-0109,1,1197.0
Instax Shop,FBO,18902636-0663-1,delivered,2026-08-28T06:15:39.373739Z,18902636-0663,1,1197.0
Instax Shop,FBO,34160682-0454-1,delivered,2026-08-28T06:18:29.633281Z,34160682-0454,1,1197.0
Instax Shop,FBO,58991869-0082-1,delivered,2026-08-28T06:19:41.551237Z,58991869-0082,1,1197.0
Instax Shop,FBO,05412340-0545-2,delivered,2026-08-28T06:24:19.775342Z,05412340-0545,1,1197.0
Instax Shop,FBO,30014678-0398-1,delivered,2026-08-28T06:31:00.414157Z,30014678-0398,1,1197.0
Instax Shop,FBO,94449969-0107-1,delivered,2026-08-28T06:45:47.296680Z,94449969-0107,1,1197.0
Instax Shop,FBO,77473754-1839-1,delivered,2026-08-28T06:58:31.514708Z,77473754-1839,1,1197.0
Instax Shop,FBO,44881668-0271-1,cancelled,2026-08-28T07:00:00.852774Z,44881668-0271,1,1197.0
Instax Shop,FBO,0196707263-0230-2,delivered,2026-08-28T07:02:57.279461Z,0196707263-0230,1,1197.0
Instax Shop,FBO,63811375-0207-1,delivered,2026-08-28T07:31:57.192272Z,63811375-0207,1,1197.0
Instax Shop,FBO,99496444-0508-1,delivered,2026-08-28T07:38:42.685723Z,99496444-0508,1,777.0
Instax Shop,FBO,0206520905-0093-1,delivered,2026-08-28T07:41:53.043416Z,0206520905-0093,1,1197.0
Instax Shop,FBO,38963612-0079-2,cancelled,2026-08-28T08:22:42.328560Z,38963612-0079,1,1197.0
Instax Shop,FBO,36019724-0193-1,delivered,2026-08-28T08:28:11.219045Z,36019724-0193,1,947.0
Instax Shop,FBO,09115644-1691-3,delivered,2026-08-28T08:34:03.603600Z,09115644-1691,1,1197.0
Instax Shop,FBO,0169191264-0032-3,delivered,2026-08-28T08:44:48.613389Z,0169191264-0032,1,1197.0
Instax Shop,FBO,0103364822-0218-1,delivered,2026-08-28T08:56:57.096116Z,0103364822-0218,1,1197.0
Instax Shop,FBO,0131216503-0491-1,delivered,2026-08-28T09:03:45.152669Z,0131216503-0491,1,1197.0
Instax Shop,FBO,17754395-0558-1,cancelled,2026-08-28T09:17:12.410771Z,17754395-0558,1,1197.0
Instax Shop,FBO,0174987779-0032-1,delivered,2026-08-28T09:23:05.944663Z,0174987779-0032,1,947.0
Instax Shop,FBO,56162752-0012-3,delivered,2026-08-28T09:32:08.986862Z,56162752-0012,1,1197.0
Instax Shop,FBO,30122257-0351-1,delivered,2026-08-28T09:45:30.367145Z,30122257-0351,1,1197.0
Instax Shop,FBO,05993689-0370-1,delivered,2026-08-28T10:03:40.974733Z,05993689-0370,1,1097.0
Instax Shop,FBO,0190567282-0300-1,delivered,2026-08-28T10:15:17.208407Z,0190567282-0300,1,1197.0
Instax Shop,FBO,46153032-0110-1,delivered,2026-08-28T10:18:18.925451Z,46153032-0110,1,1197.0
Instax Shop,FBO,56270566-0132-4,cancelled,2026-08-28T10:27:19.306579Z,56270566-0132,1,1197.0
Instax Shop,FBO,13845336-2141-2,delivered,2026-08-28T10:29:49.453446Z,13845336-2141,1,1197.0
Instax Shop,FBO,0187587554-0143-1,delivered,2026-08-28T10:33:21.049936Z,0187587554-0143,1,597.0
Instax Shop,FBO,0184011180-0016-1,delivered,2026-08-28T10:45:30.090177Z,0184011180-0016,1,1197.0
Instax Shop,FBO,39506253-0221-3,delivered,2026-08-28T10:52:46.227492Z,39506253-0221,1,1197.0
Instax Shop,FBO,51781667-0113-1,delivered,2026-08-28T11:03:17.522154Z,51781667-0113,1,1197.0
Instax Shop,FBO,49978771-0096-1,delivered,2026-08-28T11:14:22.842743Z,49978771-0096,1,1096.0
Instax Shop,FBO,66882199-0302-1,delivered,2026-08-28T11:21:29.385912Z,66882199-0302,1,1197.0
Instax Shop,FBO,57137692-0297-1,delivered,2026-08-28T11:32:49.028212Z,57137692-0297,1,1097.0
Instax Shop,FBO,0167681556-0249-1,delivered,2026-08-28T11:33:16.188739Z,0167681556-0249,1,1197.0
Instax Shop,FBO,12693621-0090-1,delivered,2026-08-28T11:40:29.197551Z,12693621-0090,1,777.0
Instax Shop,FBO,42956689-0674-1,cancelled,2026-08-28T11:48:23.959037Z,42956689-0674,1,1197.0
Instax Shop,FBO,42043416-0139-1,delivered,2026-08-28T11:56:42.143005Z,42043416-0139,1,1197.0
Instax Shop,FBO,02153030-0422-1,cancelled,2026-08-28T12:01:53.964948Z,02153030-0422,1,777.0
Instax Shop,FBO,0171032243-2199-1,delivered,2026-08-28T12:03:06.736903Z,0171032243-2199,1,1197.0
Instax Shop,FBO,0171032243-2200-1,delivered,2026-08-28T12:03:39.586951Z,0171032243-2200,1,1197.0
Instax Shop,FBO,69584811-0071-1,delivered,2026-08-28T12:07:04.259620Z,69584811-0071,1,1197.0
Instax Shop,FBO,0107352657-0153-1,delivered,2026-08-28T12:08:44.099400Z,0107352657-0153,1,1097.0
Instax Shop,FBO,50783753-0149-1,delivered,2026-08-28T12:32:12.790544Z,50783753-0149,1,1097.0
Instax Shop,FBO,0155116429-0115-1,delivered,2026-08-28T12:37:27.320277Z,0155116429-0115,1,777.0
Instax Shop,FBO,71252058-0195-1,delivered,2026-08-28T12:37:37.787974Z,71252058-0195,1,1197.0
Instax Shop,FBO,0126892897-0051-1,delivered,2026-08-28T12:50:24.396898Z,0126892897-0051,1,1046.0
Instax Shop,FBO,41014023-0284-3,cancelled,2026-08-28T13:01:39.347798Z,41014023-0284,1,1097.0
Instax Shop,FBO,05849962-1198-1,delivered,2026-08-28T13:32:07.594486Z,05849962-1198,1,1197.0
Instax Shop,FBO,32686177-0730-1,delivered,2026-08-28T13:41:53.515598Z,32686177-0730,1,1097.0
Instax Shop,FBO,40601738-0231-3,delivered,2026-08-28T14:21:06.460507Z,40601738-0231,1,1097.0
Instax Shop,FBO,33506145-0270-1,delivered,2026-08-28T14:24:08.418566Z,33506145-0270,1,1197.0
Instax Shop,FBO,0148195897-0011-1,delivered,2026-08-28T14:24:56.185092Z,0148195897-0011,1,777.0
Instax Shop,FBO,0111065415-0071-1,delivered,2026-08-28T14:25:26.717733Z,0111065415-0071,1,1197.0
Instax Shop,FBO,28074145-0294-1,delivered,2026-08-28T14:35:49.343748Z,28074145-0294,1,1197.0
Instax Shop,FBO,83587980-0125-2,delivered,2026-08-28T15:10:19.502369Z,83587980-0125,1,1197.0
Instax Shop,FBO,90558109-0689-1,delivered,2026-08-28T15:14:26.746207Z,90558109-0689,1,1197.0
Instax Shop,FBO,84862127-0149-1,delivered,2026-08-28T15:29:48.605774Z,84862127-0149,1,1197.0
Instax Shop,FBO,0180703781-0178-1,delivering,2026-08-28T15:37:30.586339Z,0180703781-0178,1,1097.0
Instax Shop,FBO,12456991-0567-1,cancelled,2026-08-28T16:15:20.637162Z,12456991-0567,1,1197.0
Instax Shop,FBO,17916865-0143-2,delivered,2026-08-28T16:30:12.363180Z,17916865-0143,1,1197.0
Instax Shop,FBO,0128531731-0124-1,delivered,2026-08-28T16:34:48.130880Z,0128531731-0124,1,1197.0
Instax Shop,FBO,42860384-0020-1,delivered,2026-08-28T16:54:00.756569Z,42860384-0020,1,1097.0
Instax Shop,FBO,0150476903-0098-1,delivered,2026-08-28T16:54:16.673062Z,0150476903-0098,1,1197.0
Instax Shop,FBO,0136705755-0139-1,delivered,2026-08-28T16:54:51.451122Z,0136705755-0139,1,1197.0
Instax Shop,FBO,59715253-0162-1,delivered,2026-08-28T16:56:13.152104Z,59715253-0162,1,1097.0
Instax Shop,FBO,89572274-0172-1,delivered,2026-08-28T17:05:28.353692Z,89572274-0172,1,677.0
Instax Shop,FBO,91288325-0244-1,delivered,2026-08-28T17:27:38.615952Z,91288325-0244,1,597.0
Instax Shop,FBO,19723673-0600-1,delivered,2026-08-28T17:34:37.356619Z,19723673-0600,1,1097.0
Instax Shop,FBO,22170100-2323-2,delivered,2026-08-28T17:38:11.301014Z,22170100-2323,1,1097.0
Instax Shop,FBO,19044451-0981-1,delivered,2026-08-28T17:42:20.308524Z,19044451-0981,1,1097.0
Instax Shop,FBO,0158078001-0061-2,delivered,2026-08-28T17:59:41.425354Z,0158078001-0061,1,1197.0
Instax Shop,FBO,04107584-0256-1,delivered,2026-08-28T18:00:01.322201Z,04107584-0256,1,1097.0
Instax Shop,FBO,0176627656-0058-1,delivered,2026-08-28T18:09:49.546753Z,0176627656-0058,1,947.0
Instax Shop,FBO,90145133-0232-1,delivered,2026-08-28T18:17:13.062351Z,90145133-0232,1,1197.0
Instax Shop,FBO,0258895143-0034-3,cancelled,2026-08-28T19:02:05.111477Z,0258895143-0034,1,1197.0
Instax Shop,FBO,93360113-0355-1,delivered,2026-08-28T19:30:00.090995Z,93360113-0355,1,1197.0
Instax Shop,FBO,45355247-0690-2,cancelled,2026-08-28T19:32:05.190065Z,45355247-0690,1,1197.0
Instax Shop,FBO,14303031-0255-1,cancelled,2026-08-28T19:38:28.577531Z,14303031-0255,1,597.0
Instax Shop,FBO,15813051-0423-1,delivered,2026-08-28T20:17:13.380659Z,15813051-0423,1,1197.0
Instax Shop,FBO,0158078001-0062-1,cancelled,2026-08-28T20:33:53.182454Z,0158078001-0062,1,1197.0
Instax Shop,FBO,15325420-0177-1,cancelled,2026-08-28T22:22:53.619959Z,15325420-0177,1,1197.0
Instax Shop,FBO,69122478-0039-2,cancelled,2026-08-28T23:24:33.128645Z,69122478-0039,1,1197.0
Instax Shop,FBO,69122478-0039-4,cancelled,2026-08-28T23:24:33.128645Z,69122478-0039,1,1197.0
Instax Shop,FBO,0131118817-0064-1,delivered,2026-08-29T00:33:54.715560Z,0131118817-0064,1,1197.0
Instax Shop,FBO,0154680528-0077-1,delivered,2026-08-29T02:43:57.292779Z,0154680528-0077,1,1197.0
Instax Shop,FBO,32806380-0181-1,delivered,2026-08-29T03:06:50.531755Z,32806380-0181,1,1077.0
Instax Shop,FBO,65325845-0352-1,delivered,2026-08-29T03:33:52.044310Z,65325845-0352,1,1197.0
Instax Shop,FBO,0118910120-0080-1,delivered,2026-08-29T03:38:29.255770Z,0118910120-0080,1,1197.0
Instax Shop,FBO,0187255180-0011-1,delivered,2026-08-29T03:46:47.076208Z,0187255180-0011,1,1197.0
Instax Shop,FBO,0207972192-0180-1,cancelled,2026-08-29T04:06:00.545158Z,0207972192-0180,1,1197.0
Instax Shop,FBO,0162075083-0076-1,delivered,2026-08-29T04:37:07.302926Z,0162075083-0076,1,1197.0
Instax Shop,FBO,0200413044-0039-1,delivered,2026-08-29T04:57:34.302953Z,0200413044-0039,1,1197.0
Instax Shop,FBO,0152582818-0049-1,cancelled,2026-08-29T05:04:14.910329Z,0152582818-0049,1,1197.0
Instax Shop,FBO,0115014157-0056-1,delivered,2026-08-29T05:59:42.462582Z,0115014157-0056,1,1197.0
Instax Shop,FBO,67203568-0143-1,cancelled,2026-08-29T06:47:02.352146Z,67203568-0143,1,1197.0
Instax Shop,FBO,13837724-0221-2,delivered,2026-08-29T07:07:33.963597Z,13837724-0221,1,1097.0
Instax Shop,FBO,0137578738-0446-1,delivered,2026-08-29T07:16:00.668212Z,0137578738-0446,1,597.0
Instax Shop,FBO,38289810-0630-1,delivered,2026-08-29T07:16:57.460726Z,38289810-0630,1,777.0
Instax Shop,FBO,0150353784-0129-1,delivered,2026-08-29T07:59:25.716012Z,0150353784-0129,1,1077.0
Instax Shop,FBO,69753409-0131-1,delivered,2026-08-29T08:05:08.744557Z,69753409-0131,1,1197.0
Instax Shop,FBO,83863110-0221-1,delivered,2026-08-29T08:22:05.835963Z,83863110-0221,1,1197.0
Instax Shop,FBO,0117387239-0279-1,delivered,2026-08-29T08:25:19.384298Z,0117387239-0279,1,1197.0
Instax Shop,FBO,0129259902-0105-2,delivered,2026-08-29T08:46:40.883164Z,0129259902-0105,1,1197.0
Instax Shop,FBO,0231679312-0052-5,delivered,2026-08-29T09:13:35.029606Z,0231679312-0052,1,1197.0
Instax Shop,FBO,84746910-0322-1,cancelled,2026-08-29T09:15:05.620338Z,84746910-0322,1,1197.0
Instax Shop,FBO,0118603762-0085-1,delivered,2026-08-29T09:24:34.281891Z,0118603762-0085,1,1197.0
Instax Shop,FBO,0175357674-0014-1,delivered,2026-08-29T09:48:15.961916Z,0175357674-0014,1,1197.0
Instax Shop,FBO,98390678-1184-1,delivered,2026-08-29T09:50:36.549505Z,98390678-1184,1,1197.0
Instax Shop,FBO,0244913130-0040-1,delivered,2026-08-29T09:58:52.168640Z,0244913130-0040,1,1197.0
Instax Shop,FBO,51298530-0321-1,delivered,2026-08-29T10:37:26.949387Z,51298530-0321,1,1197.0
Instax Shop,FBO,28435421-0332-1,delivered,2026-08-29T10:51:52.904470Z,28435421-0332,1,1197.0
Instax Shop,FBO,73159804-0412-1,delivered,2026-08-29T11:14:37.591588Z,73159804-0412,1,1208.0
Instax Shop,FBO,77855599-0742-1,delivered,2026-08-29T11:16:41.373863Z,77855599-0742,1,1208.0
Instax Shop,FBO,09953349-0217-1,delivered,2026-08-29T11:31:09.948350Z,09953349-0217,1,1208.0
Instax Shop,FBO,42686192-0579-1,delivered,2026-08-29T11:45:36.424288Z,42686192-0579,1,777.0
Instax Shop,FBO,46440288-0095-5,delivered,2026-08-29T12:01:10.153082Z,46440288-0095,1,1208.0
Instax Shop,FBO,0125994006-0129-1,delivered,2026-08-29T12:07:42.228588Z,0125994006-0129,1,1270.0
Instax Shop,FBO,01685678-1527-3,cancelled,2026-08-29T12:20:48.714734Z,01685678-1527,1,617.0
Instax Shop,FBO,0244110915-0005-2,delivered,2026-08-29T12:24:49.242386Z,0244110915-0005,1,1100.0
Instax Shop,FBO,79991308-0174-1,delivered,2026-08-29T12:51:24.773408Z,79991308-0174,1,1208.0
Instax Shop,FBO,63189321-0262-1,delivered,2026-08-29T12:52:49.362633Z,63189321-0262,1,1277.0
Instax Shop,FBO,79991308-0176-1,cancelled,2026-08-29T12:57:55.851042Z,79991308-0176,1,1208.0
Instax Shop,FBO,0130361099-0194-1,cancelled,2026-08-29T12:58:31.953138Z,0130361099-0194,1,1277.0
Instax Shop,FBO,28224581-0440-1,cancelled,2026-08-29T13:08:39.034238Z,28224581-0440,1,1097.0
Instax Shop,FBO,50724338-0286-1,cancelled,2026-08-29T13:15:56.965483Z,50724338-0286,1,1208.0
Instax Shop,FBO,38596285-0308-1,cancelled,2026-08-29T13:18:14.268214Z,38596285-0308,1,1208.0
Instax Shop,FBO,0112575664-0526-1,delivered,2026-08-29T13:31:57.432889Z,0112575664-0526,1,1208.0
Instax Shop,FBO,0211592306-0020-2,cancelled,2026-08-29T13:37:13.899067Z,0211592306-0020,1,1158.0
Instax Shop,FBO,15171553-0293-1,cancelled,2026-08-29T13:40:05.080501Z,15171553-0293,1,1208.0
Instax Shop,FBO,72193332-0323-1,delivered,2026-08-29T13:41:36.853775Z,72193332-0323,1,1208.0
Instax Shop,FBO,85940587-0328-1,delivered,2026-08-29T13:46:11.744588Z,85940587-0328,1,1208.0
Instax Shop,FBO,0142190933-0053-1,cancelled,2026-08-29T13:49:05.429282Z,0142190933-0053,1,1097.0
Instax Shop,FBO,0271046788-0010-1,delivered,2026-08-29T13:49:23.827189Z,0271046788-0010,1,1208.0
Instax Shop,FBO,0258568493-0006-1,delivered,2026-08-29T13:52:29.110588Z,0258568493-0006,1,1208.0
Instax Shop,FBO,0130361099-0196-1,delivered,2026-08-29T14:14:35.007994Z,0130361099-0196,1,1208.0
Instax Shop,FBO,0179040376-0101-1,delivered,2026-08-29T14:20:26.154088Z,0179040376-0101,1,1208.0
Instax Shop,FBO,85187622-0385-1,delivered,2026-08-29T14:30:51.183470Z,85187622-0385,1,1208.0
Instax Shop,FBO,94519391-0057-1,delivered,2026-08-29T14:42:04.262679Z,94519391-0057,1,1208.0
Instax Shop,FBO,43819238-0030-1,delivered,2026-08-29T14:44:55.624629Z,43819238-0030,1,617.0
Instax Shop,FBO,14911702-0179-1,cancelled,2026-08-29T15:22:21.860199Z,14911702-0179,1,677.0
Instax Shop,FBO,39224677-0129-1,delivered,2026-08-29T15:29:36.529388Z,39224677-0129,1,1208.0
Instax Shop,FBO,39224677-0129-2,delivered,2026-08-29T15:29:36.529388Z,39224677-0129,1,1208.0
Instax Shop,FBO,0125441788-0040-1,delivered,2026-08-29T15:43:54.510378Z,0125441788-0040,1,1208.0
Instax Shop,FBO,0102214826-0136-1,delivered,2026-08-29T15:45:26.150503Z,0102214826-0136,1,1158.0
Instax Shop,FBO,0139910829-0065-1,delivered,2026-08-29T16:08:14.950206Z,0139910829-0065,1,1208.0
Instax Shop,FBO,0141626258-0356-1,cancelled,2026-08-29T16:28:56.613816Z,0141626258-0356,1,1208.0
Instax Shop,FBO,15209452-0270-5,delivered,2026-08-29T16:30:06.164237Z,15209452-0270,1,1208.0
Instax Shop,FBO,72973926-0127-13,delivered,2026-08-29T16:32:21.913367Z,72973926-0127,1,1100.0
Instax Shop,FBO,43639555-0084-1,cancelled,2026-08-29T16:33:56.746202Z,43639555-0084,1,1208.0
Instax Shop,FBO,59670547-0004-1,delivered,2026-08-29T16:48:43.075039Z,59670547-0004,1,1208.0
Instax Shop,FBO,0129362522-0227-1,delivered,2026-08-29T16:59:35.789759Z,0129362522-0227,1,1277.0
Instax Shop,FBO,0259064483-0011-1,cancelled,2026-08-29T17:04:36.841461Z,0259064483-0011,1,1208.0
Instax Shop,FBO,0134789726-0113-1,delivered,2026-08-29T17:19:42.944283Z,0134789726-0113,1,1208.0
Instax Shop,FBO,72133506-0056-1,delivered,2026-08-29T17:52:27.639925Z,72133506-0056,1,1208.0
Instax Shop,FBO,38759905-0480-1,delivered,2026-08-29T17:56:46.349843Z,38759905-0480,1,1277.0
Instax Shop,FBO,31154588-0848-1,cancelled,2026-08-29T18:23:05.709595Z,31154588-0848,1,1208.0
Instax Shop,FBO,69393417-0131-1,delivered,2026-08-29T18:26:10.601657Z,69393417-0131,1,1100.0
Instax Shop,FBO,65913609-0521-1,delivered,2026-08-29T18:32:30.348015Z,65913609-0521,1,1208.0
Instax Shop,FBO,0158165244-0197-1,delivered,2026-08-29T18:38:47.850904Z,0158165244-0197,1,617.0
Instax Shop,FBO,51956329-0244-2,delivered,2026-08-29T18:52:08.228941Z,51956329-0244,1,1208.0
Instax Shop,FBO,0144811202-0840-1,delivered,2026-08-29T18:59:59.445836Z,0144811202-0840,1,1208.0
Instax Shop,FBO,70265226-0448-1,delivered,2026-08-29T19:34:12.090047Z,70265226-0448,1,1100.0
Instax Shop,FBO,05590059-0221-3,delivered,2026-08-29T19:37:55.260694Z,05590059-0221,1,1208.0
Instax Shop,FBO,84963939-0064-2,delivered,2026-08-29T19:43:27.012284Z,84963939-0064,1,1208.0
Instax Shop,FBO,34197052-0148-1,delivered,2026-08-29T19:45:41.176944Z,34197052-0148,1,1208.0
Instax Shop,FBO,0107633058-1093-1,delivered,2026-08-29T19:49:44.408596Z,0107633058-1093,1,1208.0
Instax Shop,FBO,45371294-1034-1,delivered,2026-08-29T20:30:44.243868Z,45371294-1034,1,1100.0
Instax Shop,FBO,42771939-0512-1,delivered,2026-08-29T20:32:02.836321Z,42771939-0512,1,1208.0
Instax Shop,FBO,42767684-0439-1,delivered,2026-08-29T21:00:23.530975Z,42767684-0439,1,1208.0
Instax Shop,FBO,56080142-0062-1,delivered,2026-08-29T21:30:00.236131Z,56080142-0062,1,777.0
Instax Shop,FBO,66340037-0491-4,cancelled,2026-08-29T22:27:16.347776Z,66340037-0491,1,1208.0
Instax Shop,FBO,0106806353-0175-1,delivered,2026-08-29T22:39:57.483177Z,0106806353-0175,1,1208.0
Instax Shop,FBO,26159875-0040-1,delivered,2026-08-29T22:40:24.337104Z,26159875-0040,1,1097.0
Instax Shop,FBO,35265427-2302-1,cancelled,2026-08-29T23:42:46.254335Z,35265427-2302,1,1208.0
Instax Shop,FBO,0174916213-0173-1,cancelled,2026-08-30T00:11:03.266286Z,0174916213-0173,1,1270.0
Instax Shop,FBO,85537169-0071-1,delivered,2026-08-30T00:28:33.359843Z,85537169-0071,1,1208.0
Instax Shop,FBO,16778375-0180-1,delivered,2026-08-30T02:17:31.722177Z,16778375-0180,1,1277.0
Instax Shop,FBO,59489450-0177-1,delivered,2026-08-30T02:26:16.672754Z,59489450-0177,1,617.0
Instax Shop,FBO,74002259-0756-1,cancelled,2026-08-30T04:03:24.718247Z,74002259-0756,1,1158.0
Instax Shop,FBO,06469834-0041-1,delivered,2026-08-30T04:56:23.502516Z,06469834-0041,1,617.0
Instax Shop,FBO,25540554-0706-1,delivered,2026-08-30T05:13:51.329646Z,25540554-0706,1,1277.0
Instax Shop,FBO,0142923554-0034-1,cancelled,2026-08-30T05:15:21.461208Z,0142923554-0034,1,1100.0
Instax Shop,FBO,0118251752-0039-1,delivered,2026-08-30T05:20:46.303131Z,0118251752-0039,1,1208.0
Instax Shop,FBO,0147465583-0549-1,delivered,2026-08-30T05:27:40.305652Z,0147465583-0549,1,1277.0
Instax Shop,FBO,0142923554-0035-1,cancelled,2026-08-30T05:47:22.241008Z,0142923554-0035,1,1277.0
Instax Shop,FBO,48288343-0086-1,delivered,2026-08-30T05:52:13.413044Z,48288343-0086,1,1208.0
Instax Shop,FBO,51384107-0134-1,delivered,2026-08-30T05:56:22.015293Z,51384107-0134,1,1208.0
Instax Shop,FBO,59547080-0543-1,delivered,2026-08-30T06:00:29.860060Z,59547080-0543,1,1208.0
Instax Shop,FBO,57224708-0090-1,delivered,2026-08-30T06:03:49.852119Z,57224708-0090,1,1158.0
Instax Shop,FBO,03664935-0145-5,cancelled,2026-08-30T06:15:35.153019Z,03664935-0145,1,1208.0
Instax Shop,FBO,0114758069-0836-1,cancelled,2026-08-30T06:45:42.791237Z,0114758069-0836,1,1208.0
Instax Shop,FBO,41549460-0209-1,delivered,2026-08-30T06:48:05.215333Z,41549460-0209,1,1208.0
Instax Shop,FBO,0132949215-0200-1,delivered,2026-08-30T06:56:08.545795Z,0132949215-0200,1,1208.0
Instax Shop,FBO,0203990399-0177-1,delivered,2026-08-30T07:08:48.724916Z,0203990399-0177,1,1208.0
Instax Shop,FBO,62413149-0224-1,cancelled,2026-08-30T07:15:36.848667Z,62413149-0224,1,1208.0
Instax Shop,FBO,0184390633-0174-1,delivered,2026-08-30T07:23:33.117270Z,0184390633-0174,1,1208.0
Instax Shop,FBO,82314339-0517-1,delivered,2026-08-30T07:31:43.210715Z,82314339-0517,1,1208.0
Instax Shop,FBO,58520533-0629-1,delivered,2026-08-30T07:45:01.187361Z,58520533-0629,1,1208.0
Instax Shop,FBO,34746450-0031-1,delivered,2026-08-30T07:54:46.050332Z,34746450-0031,1,777.0
Instax Shop,FBO,16025488-0901-3,delivered,2026-08-30T07:55:23.943411Z,16025488-0901,1,777.0
Instax Shop,FBO,78280407-0116-6,delivered,2026-08-30T08:03:40.855565Z,78280407-0116,1,1208.0
Instax Shop,FBO,40127922-0094-1,delivered,2026-08-30T08:15:37.430562Z,40127922-0094,1,777.0
Instax Shop,FBO,0129305622-0459-1,delivered,2026-08-30T08:17:27.592055Z,0129305622-0459,1,1100.0
Instax Shop,FBO,11113173-0454-1,delivered,2026-08-30T08:55:37.587703Z,11113173-0454,1,1208.0
Instax Shop,FBO,25171139-0117-2,delivered,2026-08-30T09:32:56.114396Z,25171139-0117,1,617.0
Instax Shop,FBO,0178590160-0182-1,delivered,2026-08-30T09:39:56.316563Z,0178590160-0182,1,1208.0
Instax Shop,FBO,0125809438-0326-1,delivered,2026-08-30T09:41:14.747208Z,0125809438-0326,1,1208.0
Instax Shop,FBO,0137369832-0045-1,delivered,2026-08-30T09:59:09.922578Z,0137369832-0045,1,1097.0
Instax Shop,FBO,58200839-0035-1,cancelled,2026-08-30T10:27:18.748015Z,58200839-0035,1,1208.0
Instax Shop,FBO,38418784-0557-1,delivered,2026-08-30T10:32:41.113338Z,38418784-0557,1,1208.0
Instax Shop,FBO,0132555480-0050-1,delivered,2026-08-30T11:08:36.504672Z,0132555480-0050,1,1208.0
Instax Shop,FBO,46857015-0008-1,delivered,2026-08-30T11:18:40.932386Z,46857015-0008,1,1097.0
Instax Shop,FBO,99617010-0007-2,cancelled,2026-08-30T11:20:29.393650Z,99617010-0007,1,1208.0
Instax Shop,FBO,39429715-0467-1,delivered,2026-08-30T11:41:59.070041Z,39429715-0467,1,1208.0
Instax Shop,FBO,56387641-0231-1,cancelled,2026-08-30T11:44:34.138283Z,56387641-0231,1,1270.0
Instax Shop,FBO,0103798635-0463-1,delivered,2026-08-30T11:53:35.313751Z,0103798635-0463,1,1208.0
Instax Shop,FBO,19115952-0377-1,delivered,2026-08-30T11:56:54.120263Z,19115952-0377,1,617.0
Instax Shop,FBO,09703400-0098-1,delivered,2026-08-30T11:58:50.578491Z,09703400-0098,1,1100.0
Instax Shop,FBO,0250780306-0163-1,delivered,2026-08-30T12:03:43.537634Z,0250780306-0163,1,1208.0
Instax Shop,FBO,17953718-0156-3,delivered,2026-08-30T12:12:44.791678Z,17953718-0156,1,617.0
Instax Shop,FBO,0158834100-0010-5,delivered,2026-08-30T12:13:48.326127Z,0158834100-0010,1,1208.0
Instax Shop,FBO,62452380-0081-1,delivered,2026-08-30T12:19:08.457798Z,62452380-0081,1,1208.0
Instax Shop,FBO,45280609-0333-1,delivered,2026-08-30T12:44:12.655455Z,45280609-0333,1,1208.0
Instax Shop,FBO,09953349-0221-1,delivered,2026-08-30T12:47:06.585955Z,09953349-0221,1,1208.0
Instax Shop,FBO,0136090277-0017-2,delivered,2026-08-30T13:04:11.422077Z,0136090277-0017,1,1097.0
Instax Shop,FBO,45388839-0243-1,delivered,2026-08-30T13:05:36.811703Z,45388839-0243,1,1208.0
Instax Shop,FBO,51704101-0015-2,delivered,2026-08-30T13:07:30.636923Z,51704101-0015,1,1208.0
Instax Shop,FBO,03768641-0365-1,delivered,2026-08-30T13:15:38.455778Z,03768641-0365,1,1100.0
Instax Shop,FBO,0235900546-0008-1,delivered,2026-08-30T13:32:35.579661Z,0235900546-0008,1,1097.0
Instax Shop,FBO,0176727192-0319-1,delivered,2026-08-30T13:33:04.844411Z,0176727192-0319,1,1208.0
Instax Shop,FBO,65299184-0043-1,cancelled,2026-08-30T13:35:27.251584Z,65299184-0043,1,1097.0
Instax Shop,FBO,69515581-0161-1,delivered,2026-08-30T13:39:12.276322Z,69515581-0161,1,1270.0
Instax Shop,FBO,21838878-0905-1,delivered,2026-08-30T13:59:04.635097Z,21838878-0905,1,777.0
Instax Shop,FBO,0167299661-0267-1,delivered,2026-08-30T14:17:40.964493Z,0167299661-0267,1,1158.0
Instax Shop,FBO,85940587-0330-1,delivered,2026-08-30T14:34:55.573073Z,85940587-0330,1,1208.0
Instax Shop,FBO,42435222-0552-1,delivered,2026-08-30T14:40:35.955326Z,42435222-0552,1,1100.0
Instax Shop,FBO,0160799377-0167-1,delivered,2026-08-30T15:15:02.364134Z,0160799377-0167,1,1208.0
Instax Shop,FBO,0127706286-0051-1,delivered,2026-08-30T15:16:59.066647Z,0127706286-0051,1,1097.0
Instax Shop,FBO,0139961562-0304-3,cancelled,2026-08-30T15:18:23.732525Z,0139961562-0304,1,1263.0
Instax Shop,FBO,0136782378-0014-2,delivered,2026-08-30T15:20:19.823200Z,0136782378-0014,1,1208.0
Instax Shop,FBO,83233850-0128-1,cancelled,2026-08-30T15:33:20.710022Z,83233850-0128,1,1208.0
Instax Shop,FBO,64154406-0390-1,delivered,2026-08-30T15:50:06.372864Z,64154406-0390,1,1208.0
Instax Shop,FBO,93012715-0340-1,delivered,2026-08-30T15:54:54.107884Z,93012715-0340,1,1208.0
Instax Shop,FBO,0257499967-0003-1,delivered,2026-08-30T16:01:32.603471Z,0257499967-0003,1,1208.0
Instax Shop,FBO,0112935043-0399-11,delivered,2026-08-30T16:02:24.740288Z,0112935043-0399,1,1263.0
Instax Shop,FBO,19702384-0606-1,cancelled,2026-08-30T16:08:18.932096Z,19702384-0606,1,1097.0
Instax Shop,FBO,77385766-0003-1,delivered,2026-08-30T16:12:05.353550Z,77385766-0003,1,1263.0
Instax Shop,FBO,83233850-0129-1,delivered,2026-08-30T16:29:00.545917Z,83233850-0129,1,1208.0
Instax Shop,FBO,46329254-0667-1,delivered,2026-08-30T16:33:24.450549Z,46329254-0667,1,1208.0
Instax Shop,FBO,56874823-0053-1,delivered,2026-08-30T16:38:09.277076Z,56874823-0053,1,947.0
Instax Shop,FBO,33346401-0317-1,delivered,2026-08-30T16:49:48.346852Z,33346401-0317,1,1208.0
Instax Shop,FBO,79569117-0102-1,delivered,2026-08-30T16:53:03.223450Z,79569117-0102,1,1208.0
Instax Shop,FBO,79569117-0102-2,delivered,2026-08-30T16:53:03.223450Z,79569117-0102,1,1208.0
Instax Shop,FBO,80649344-0606-3,cancelled,2026-08-30T17:09:15.976455Z,80649344-0606,1,1100.0
Instax Shop,FBO,47850204-0760-1,delivered,2026-08-30T17:12:28.982355Z,47850204-0760,1,1208.0
Instax Shop,FBO,44387180-0312-2,delivered,2026-08-30T17:12:55.314602Z,44387180-0312,1,1208.0
Instax Shop,FBO,76168287-0079-1,delivered,2026-08-30T17:17:09.390690Z,76168287-0079,1,1077.0
Instax Shop,FBO,79477449-0584-1,delivered,2026-08-30T17:23:04.000022Z,79477449-0584,1,1277.0
Instax Shop,FBO,0208358924-0270-1,delivered,2026-08-30T17:27:44.407797Z,0208358924-0270,1,1208.0
Instax Shop,FBO,65216252-0122-1,delivered,2026-08-30T17:32:20.530094Z,65216252-0122,1,1208.0
Instax Shop,FBO,65216252-0122-3,delivered,2026-08-30T17:32:20.530094Z,65216252-0122,1,1208.0
Instax Shop,FBO,79566473-0011-1,delivered,2026-08-30T17:32:36.325819Z,79566473-0011,1,1100.0
Instax Shop,FBO,52221611-0661-1,delivered,2026-08-30T18:03:28.104267Z,52221611-0661,1,1208.0
Instax Shop,FBO,0278201000-0001-3,delivered,2026-08-30T18:14:29.145192Z,0278201000-0001,1,1208.0
Instax Shop,FBO,0140164954-0373-2,delivered,2026-08-30T18:35:33.076248Z,0140164954-0373,1,1208.0
Instax Shop,FBO,0213872800-0069-1,delivered,2026-08-30T18:35:40.431680Z,0213872800-0069,1,1208.0
Instax Shop,FBO,0213872800-0069-2,cancelled,2026-08-30T18:35:40.431680Z,0213872800-0069,1,1208.0
Instax Shop,FBO,27602435-0398-1,delivered,2026-08-30T18:37:51.141580Z,27602435-0398,1,1208.0
Instax Shop,FBO,0170859002-0069-1,delivered,2026-08-30T19:59:32.838438Z,0170859002-0069,1,1208.0
Instax Shop,FBO,0157277257-0036-3,delivered,2026-08-30T21:04:24.370635Z,0157277257-0036,1,1208.0
Instax Shop,FBO,93770604-0076-1,delivered,2026-08-30T21:17:23.053888Z,93770604-0076,1,1100.0
Instax Shop,FBO,42071240-0202-3,delivered,2026-08-30T21:22:38.434502Z,42071240-0202,1,1208.0
Instax Shop,FBO,73099373-0077-1,cancelled,2026-08-30T21:26:29.319503Z,73099373-0077,1,1263.0
Instax Shop,FBO,73099373-0077-2,delivered,2026-08-30T21:26:29.319503Z,73099373-0077,1,1277.0
Instax Shop,FBO,0189359311-0062-7,cancelled,2026-08-30T21:29:11.129851Z,0189359311-0062,1,1263.0
Instax Shop,FBO,0138102042-0040-1,delivered,2026-08-30T21:32:12.208906Z,0138102042-0040,1,1208.0
Instax Shop,FBO,0100926721-0204-1,delivered,2026-08-30T21:49:24.370800Z,0100926721-0204,1,1208.0
Instax Shop,FBO,0172603464-0109-1,delivered,2026-08-30T23:37:03.282363Z,0172603464-0109,1,1208.0
Instax Shop,FBO,0139466443-0101-1,delivered,2026-08-31T00:09:21.272741Z,0139466443-0101,1,1208.0
Instax Shop,FBO,06098679-0150-1,delivered,2026-08-31T03:24:53.378729Z,06098679-0150,1,1208.0
Instax Shop,FBO,74517636-0639-1,cancelled,2026-08-31T03:36:38.907838Z,74517636-0639,1,1277.0
Instax Shop,FBO,44535181-0385-1,delivered,2026-08-31T03:50:37.210335Z,44535181-0385,1,1208.0
Instax Shop,FBO,0201352074-0132-2,cancelled,2026-08-31T04:32:05.103719Z,0201352074-0132,1,1208.0
Instax Shop,FBO,35486923-1574-1,delivered,2026-08-31T04:37:04.605911Z,35486923-1574,1,1208.0
Instax Shop,FBO,41095532-0154-1,delivered,2026-08-31T04:55:18.191725Z,41095532-0154,1,1097.0
Instax Shop,FBO,33886094-1408-1,cancelled,2026-08-31T04:57:15.914468Z,33886094-1408,1,1208.0
Instax Shop,FBO,0125350754-0031-1,delivered,2026-08-31T05:24:30.421872Z,0125350754-0031,1,617.0
Instax Shop,FBO,75274610-0076-1,cancelled,2026-08-31T05:42:33.509297Z,75274610-0076,1,1097.0
Instax Shop,FBO,47181676-0542-1,cancelled,2026-08-31T05:47:13.206963Z,47181676-0542,1,1100.0
Instax Shop,FBO,90044676-0122-1,delivered,2026-08-31T06:08:48.551510Z,90044676-0122,1,1208.0
Instax Shop,FBO,0125934402-0418-1,delivered,2026-08-31T06:18:02.648694Z,0125934402-0418,1,1208.0
Instax Shop,FBO,73012716-0216-1,delivered,2026-08-31T06:26:23.903562Z,73012716-0216,1,1270.0
Instax Shop,FBO,46051435-0165-1,delivered,2026-08-31T06:33:27.845153Z,46051435-0165,1,1100.0
Instax Shop,FBO,03265073-0341-1,delivered,2026-08-31T06:50:09.695327Z,03265073-0341,1,677.0
Instax Shop,FBO,0131352052-0310-1,delivered,2026-08-31T07:20:03.028008Z,0131352052-0310,1,1277.0
Instax Shop,FBO,0132850855-0045-1,delivered,2026-08-31T07:42:17.389532Z,0132850855-0045,1,1208.0
Instax Shop,FBO,0106279064-0095-2,delivered,2026-08-31T07:48:28.869062Z,0106279064-0095,1,1208.0
Instax Shop,FBO,18689387-0063-2,delivered,2026-08-31T07:52:47.517618Z,18689387-0063,1,1208.0
Instax Shop,FBO,0162217139-0047-1,delivered,2026-08-31T08:05:47.001959Z,0162217139-0047,1,1100.0
Instax Shop,FBO,0144909209-0110-2,delivered,2026-08-31T08:13:16.755545Z,0144909209-0110,1,1208.0
Instax Shop,FBO,42906764-0359-1,cancelled,2026-08-31T08:41:14.371290Z,42906764-0359,1,617.0
Instax Shop,FBO,07297349-0982-1,delivered,2026-08-31T08:49:41.130874Z,07297349-0982,1,1097.0
Instax Shop,FBO,0179722236-0265-1,delivered,2026-08-31T08:55:35.731364Z,0179722236-0265,1,1208.0
Instax Shop,FBO,28806813-0681-1,cancelled,2026-08-31T09:02:39.102708Z,28806813-0681,1,1208.0
Instax Shop,FBO,0254259447-0062-1,delivered,2026-08-31T09:25:03.451390Z,0254259447-0062,1,1277.0
Instax Shop,FBO,07846232-0150-1,delivered,2026-08-31T09:55:32.076992Z,07846232-0150,1,1208.0
Instax Shop,FBO,0141817200-0190-1,cancelled,2026-08-31T09:59:29.383951Z,0141817200-0190,1,1097.0
Instax Shop,FBO,0117251400-0105-1,delivered,2026-08-31T10:00:59.179150Z,0117251400-0105,1,677.0
Instax Shop,FBO,0133417857-0267-1,delivered,2026-08-31T10:10:14.071253Z,0133417857-0267,1,1100.0
Instax Shop,FBO,0107469326-0428-1,cancelled,2026-08-31T10:42:50.270788Z,0107469326-0428,1,947.0
Instax Shop,FBO,69944402-0146-1,delivered,2026-08-31T10:50:53.021249Z,69944402-0146,1,617.0
Instax Shop,FBO,37368756-0017-1,delivered,2026-08-31T11:06:42.092326Z,37368756-0017,1,1208.0
Instax Shop,FBO,13606290-0461-1,delivered,2026-08-31T11:14:00.828268Z,13606290-0461,1,1100.0
Instax Shop,FBO,82526295-0050-1,delivered,2026-08-31T11:14:51.622435Z,82526295-0050,1,1100.0
Instax Shop,FBO,0110798418-0290-1,delivered,2026-08-31T11:21:21.266261Z,0110798418-0290,1,1208.0
Instax Shop,FBO,80252284-0649-1,delivered,2026-08-31T11:32:09.280414Z,80252284-0649,1,1208.0
Instax Shop,FBO,74362421-0745-1,delivered,2026-08-31T11:33:23.700814Z,74362421-0745,1,1100.0
Instax Shop,FBO,79283595-0047-1,delivered,2026-08-31T11:35:30.673239Z,79283595-0047,1,1097.0
Instax Shop,FBO,04755784-0756-1,cancelled,2026-08-31T11:37:23.819454Z,04755784-0756,1,1277.0
Instax Shop,FBO,24912903-0022-1,delivered,2026-08-31T11:42:39.365818Z,24912903-0022,1,1208.0
Instax Shop,FBO,0103289494-0384-1,delivered,2026-08-31T12:01:16.237220Z,0103289494-0384,1,1208.0
Instax Shop,FBO,0108396039-0278-1,delivered,2026-08-31T12:11:31.331328Z,0108396039-0278,1,1208.0
Instax Shop,FBO,58252134-0246-1,delivered,2026-08-31T12:13:46.288231Z,58252134-0246,1,777.0
Instax Shop,FBO,0216807539-0240-1,delivered,2026-08-31T12:16:01.581234Z,0216807539-0240,1,1208.0
Instax Shop,FBO,45287403-0683-1,cancelled,2026-08-31T12:21:53.229620Z,45287403-0683,1,1277.0
Instax Shop,FBO,40286064-0817-1,cancelled,2026-08-31T12:51:00.289062Z,40286064-0817,1,1277.0
Instax Shop,FBO,32819972-0227-3,delivered,2026-08-31T13:06:10.706836Z,32819972-0227,1,1208.0
Instax Shop,FBO,0140194908-0072-1,delivered,2026-08-31T13:09:29.474985Z,0140194908-0072,1,1263.0
Instax Shop,FBO,0232127978-0186-4,delivered,2026-08-31T13:16:11.240548Z,0232127978-0186,1,1208.0
Instax Shop,FBO,0180967645-0644-1,delivered,2026-08-31T13:37:33.389185Z,0180967645-0644,1,1100.0
Instax Shop,FBO,34415745-0132-1,delivered,2026-08-31T13:38:41.220168Z,34415745-0132,1,1208.0
Instax Shop,FBO,0112940293-0331-3,delivered,2026-08-31T14:01:02.512816Z,0112940293-0331,1,1100.0
Instax Shop,FBO,0132311121-0149-1,delivered,2026-08-31T14:19:57.440521Z,0132311121-0149,1,1270.0
Instax Shop,FBO,0110221674-0505-1,delivered,2026-08-31T15:00:49.073130Z,0110221674-0505,1,1158.0
Instax Shop,FBO,88009467-0047-1,delivered,2026-08-31T15:13:15.458670Z,88009467-0047,1,1208.0
Instax Shop,FBO,90482118-0262-1,cancelled,2026-08-31T15:15:07.014371Z,90482118-0262,1,1208.0
Instax Shop,FBO,57793026-0045-2,cancelled,2026-08-31T15:51:45.790949Z,57793026-0045,1,777.0
Instax Shop,FBO,57793026-0045-11,cancelled,2026-08-31T15:51:45.790949Z,57793026-0045,1,677.0
Instax Shop,FBO,29691965-0249-3,delivered,2026-08-31T15:55:11.242970Z,29691965-0249,1,1263.0
Instax Shop,FBO,0108953013-0194-1,delivered,2026-08-31T16:25:42.360521Z,0108953013-0194,1,1208.0
Instax Shop,FBO,0108953013-0194-3,delivered,2026-08-31T16:25:42.360521Z,0108953013-0194,1,1208.0
Instax Shop,FBO,91537003-0489-1,delivered,2026-08-31T16:30:28.662336Z,91537003-0489,1,1208.0
Instax Shop,FBO,15161908-0401-1,delivered,2026-08-31T16:32:17.641882Z,15161908-0401,1,1208.0
Instax Shop,FBO,29288112-0356-1,delivered,2026-08-31T16:33:40.295760Z,29288112-0356,1,1100.0
Instax Shop,FBO,30082346-0511-1,delivered,2026-08-31T16:37:58.653024Z,30082346-0511,1,1208.0
Instax Shop,FBO,58926676-0228-6,delivered,2026-08-31T16:38:48.034502Z,58926676-0228,1,1208.0
Instax Shop,FBO,37209686-0556-1,delivered,2026-08-31T16:45:53.896825Z,37209686-0556,1,1208.0
Instax Shop,FBO,77648549-0249-1,delivered,2026-08-31T16:55:27.301206Z,77648549-0249,1,1208.0
Instax Shop,FBO,03664935-0148-3,delivered,2026-08-31T16:56:26.061061Z,03664935-0148,1,1208.0
Instax Shop,FBO,85469455-0117-3,delivered,2026-08-31T16:58:59.966976Z,85469455-0117,1,1208.0
Instax Shop,FBO,0143005220-0224-1,delivered,2026-08-31T17:13:44.831706Z,0143005220-0224,1,1208.0
Instax Shop,FBO,63679290-0186-1,delivered,2026-08-31T17:22:12.062571Z,63679290-0186,1,1277.0
Instax Shop,FBO,0138643406-0054-1,cancelled,2026-08-31T17:30:16.945517Z,0138643406-0054,1,617.0
Instax Shop,FBO,0100034499-0578-3,delivered,2026-08-31T17:37:59.114649Z,0100034499-0578,1,1100.0
Instax Shop,FBO,46383403-0240-3,delivered,2026-08-31T17:40:57.995316Z,46383403-0240,1,1208.0
Instax Shop,FBO,28838335-0585-1,delivered,2026-08-31T17:44:56.590431Z,28838335-0585,1,1263.0
Instax Shop,FBO,0131690625-0265-1,delivered,2026-08-31T17:46:36.665868Z,0131690625-0265,1,1277.0
Instax Shop,FBO,16398437-0318-1,delivered,2026-08-31T17:47:58.518593Z,16398437-0318,1,1208.0
Instax Shop,FBO,85469455-0118-1,cancelled,2026-08-31T17:50:49.876574Z,85469455-0118,1,1208.0
Instax Shop,FBO,22184756-0525-1,delivered,2026-08-31T17:59:11.509546Z,22184756-0525,1,1277.0
Instax Shop,FBO,21827643-0338-2,delivered,2026-08-31T18:01:32.549560Z,21827643-0338,1,1277.0
Instax Shop,FBO,0130306003-0538-1,delivered,2026-08-31T18:02:19.025296Z,0130306003-0538,1,1270.0
Instax Shop,FBO,72803868-0819-1,delivered,2026-08-31T18:10:36.067050Z,72803868-0819,1,1277.0
Instax Shop,FBO,29519931-0604-3,cancelled,2026-08-31T18:48:36.356298Z,29519931-0604,1,617.0
Instax Shop,FBO,41566187-0656-1,cancelled,2026-08-31T19:09:19.144901Z,41566187-0656,1,1277.0
Instax Shop,FBO,0152293058-0454-1,delivered,2026-08-31T19:31:46.177435Z,0152293058-0454,1,1277.0
Instax Shop,FBO,56165840-0434-2,delivered,2026-08-31T19:38:40.518489Z,56165840-0434,1,1277.0
Instax Shop,FBO,0144139996-0109-1,cancelled,2026-08-31T19:42:07.136842Z,0144139996-0109,1,617.0
Instax Shop,FBO,0128895128-0076-1,cancelled,2026-08-31T19:51:59.153017Z,0128895128-0076,1,1277.0
Instax Shop,FBO,43095801-0364-7,delivered,2026-08-31T20:18:49.974189Z,43095801-0364,1,1277.0
Instax Shop,FBO,0127415267-0172-1,delivered,2026-08-31T20:28:13.858340Z,0127415267-0172,1,617.0
Instax Shop,FBO,81655886-0882-1,cancelled,2026-08-31T20:36:59.033532Z,81655886-0882,1,1277.0
Instax Shop,FBO,08052684-0920-2,delivered,2026-08-31T21:21:17.340733Z,08052684-0920,1,1277.0
Instax Shop,FBO,51007198-0263-1,delivered,2026-08-31T21:36:33.660929Z,51007198-0263,1,1277.0
Instax Shop,FBO,0107469326-0429-1,delivered,2026-08-31T22:13:58.095074Z,0107469326-0429,1,947.0
